ID,FECHA,TIPO,MONTO,MONTO PREVIO,ORDEN ID,DESCRIPCIÓN,CATEGORIA_MOVIMIENTO,ES_INGRESO,ES_EGRESO,SALDO_POSTERIOR,ORDEN_ID_LIMPIO,TIENE_ORDEN,DIA,HORA,DIA_SEMANA,MES,AÑO,MOTIVO
118531321,2025-06-13 12:02:00,SALIDA,12049.0,1696873.7,43058843.0,SALIDA POR COBRO DE FLETE INICIAL: 43058843,ASOCIADO A ORDEN,False,True,1684824.7,43058843,True,2025-06-13,12:02:00,Friday,6,2025,FLETE
118491730,2025-06-13 00:27:00,ENTRADA,36953.5,1659920.2,43166015.0,ENTRADA POR GANANCIA EN LA ORDEN COMO DROPSHIPPER: 43166015* GUIA: *V4001174326*,ASOCIADO A ORDEN,True,False,1696873.7,43166015,True,2025-06-13,00:27:00,Friday,6,2025,GANANCIA
118478071,2025-06-13 00:24:00,ENTRADA,34236.5,1625683.7,43121642.0,ENTRADA POR GANANCIA EN LA ORDEN COMO DROPSHIPPER: 43121642* GUIA: *024030116411*,ASOCIADO A ORDEN,True,False,1659920.2,43121642,True,2025-06-13,00:24:00,Friday,6,2025,GANANCIA
118443351,2025-06-13 00:16:00,ENTRADA,39900.0,1585783.7,43011547.0,ENTRADA POR GANANCIA EN LA ORDEN COMO DROPSHIPPER: 43011547* GUIA: *WCO2000059447*,ASOCIADO A ORDEN,True,False,1625683.7,43011547,True,2025-06-13,00:16:00,Friday,6,2025,GANANCIA
118431787,2025-06-13 00:13:00,ENTRADA,34236.5,1551547.2,42970302.0,ENTRADA POR GANANCIA EN LA ORDEN COMO DROPSHIPPER: 42970302* GUIA: *024030102110*,ASOCIADO A ORDEN,True,False,1585783.7,42970302,True,2025-06-13,00:13:00,Friday,6,2025,GANANCIA
118418905,2025-06-13 00:10:00,ENTRADA,36104.5,1515442.7,42914941.0,ENTRADA POR GANANCIA EN LA ORDEN COMO DROPSHIPPER: 42914941* GUIA: *240030417541*,ASOCIADO A ORDEN,True,False,1551547.2,42914941,True,2025-06-13,00:10:00,Friday,6,2025,GANANCIA
118415994,2025-06-13 00:10:00,ENTRADA,34236.5,1481206.2,42899650.0,ENTRADA POR GANANCIA EN LA ORDEN COMO DROPSHIPPER: 42899650* GUIA: *024030096691*,ASOCIADO A ORDEN,True,False,1515442.7,42899650,True,2025-06-13,00:10:00,Friday,6,2025,GANANCIA
118408555,2025-06-13 00:08:00,ENTRADA,78404.5,1402801.7,42847540.0,ENTRADA POR GANANCIA EN LA ORDEN COMO DROPSHIPPER: 42847540* GUIA: *240030374218*,ASOCIADO A ORDEN,True,False,1481206.2,42847540,True,2025-06-13,00:08:00,Friday,6,2025,GANANCIA
118371777,2025-06-13 00:00:00,ENTRADA,30599.5,1372202.2,41644860.0,ENTRADA POR GANANCIA EN LA ORDEN COMO DROPSHIPPER: 41644860* GUIA: *240029414685*,ASOCIADO A ORDEN,True,False,1402801.7,41644860,True,2025-06-13,00:00:00,Friday,6,2025,GANANCIA
118345625,2025-06-12 10:00:00,SALIDA,13500.0,1385702.2,41694431.0,SALIDA POR COBRO DE FLETE INICIAL: 41694431,ASOCIADO A ORDEN,False,True,1372202.2,41694431,True,2025-06-12,10:00:00,Thursday,6,2025,FLETE
118328660,2025-06-12 02:35:00,ENTRADA,84542.5,1301159.7,43170280.0,ENTRADA POR GANANCIA EN LA ORDEN COMO DROPSHIPPER: 43170280* GUIA: *014148441027*,ASOCIADO A ORDEN,True,False,1385702.2,43170280,True,2025-06-12,02:35:00,Thursday,6,2025,GANANCIA
118324392,2025-06-12 02:34:00,ENTRADA,55704.5,1245455.2,43136787.0,ENTRADA POR GANANCIA EN LA ORDEN COMO DROPSHIPPER: 43136787* GUIA: *240030556705*,ASOCIADO A ORDEN,True,False,1301159.7,43136787,True,2025-06-12,02:34:00,Thursday,6,2025,GANANCIA
118278648,2025-06-12 00:23:00,ENTRADA,30983.0,1214472.2,43007191.0,ENTRADA POR GANANCIA EN LA ORDEN COMO DROPSHIPPER: 43007191* GUIA: *36393390813*,ASOCIADO A ORDEN,True,False,1245455.2,43007191,True,2025-06-12,00:23:00,Thursday,6,2025,GANANCIA
118275532,2025-06-12 00:22:00,ENTRADA,36953.5,1177518.7,42996933.0,ENTRADA POR GANANCIA EN LA ORDEN COMO DROPSHIPPER: 42996933* GUIA: *V4001163464*,ASOCIADO A ORDEN,True,False,1214472.2,42996933,True,2025-06-12,00:22:00,Thursday,6,2025,GANANCIA
118274365,2025-06-12 00:22:00,ENTRADA,34236.5,1143282.2,42993214.0,ENTRADA POR GANANCIA EN LA ORDEN COMO DROPSHIPPER: 42993214* GUIA: *024030102345*,ASOCIADO A ORDEN,True,False,1177518.7,42993214,True,2025-06-12,00:22:00,Thursday,6,2025,GANANCIA
118156182,2025-06-11 13:34:00,SALIDA,35800.0,1179082.2,43250939.0,SALIDA POR NUEVA ORDEN: 43250939,ASOCIADO A ORDEN,False,True,1143282.2,43250939,True,2025-06-11,13:34:00,Wednesday,6,2025,NUEVA ORDEN
117965871,2025-06-10 11:01:00,SALIDA,56600.0,1235682.2,43162060.0,SALIDA POR NUEVA ORDEN: 43162060,ASOCIADO A ORDEN,False,True,1179082.2,43162060,True,2025-06-10,11:01:00,Tuesday,6,2025,NUEVA ORDEN
117951654,2025-06-10 05:00:00,SALIDA,10500.0,1246182.2,41473766.0,SALIDA POR COBRO DE FLETE INICIAL: 41473766,ASOCIADO A ORDEN,False,True,1235682.2,41473766,True,2025-06-10,05:00:00,Tuesday,6,2025,FLETE
117947524,2025-06-10 04:00:00,SALIDA,10500.0,1256682.2,41429423.0,SALIDA POR COBRO DE FLETE INICIAL: 41429423,ASOCIADO A ORDEN,False,True,1246182.2,41429423,True,2025-06-10,04:00:00,Tuesday,6,2025,FLETE
117947490,2025-06-10 04:00:00,SALIDA,10500.0,1267182.2,41428992.0,SALIDA POR COBRO DE FLETE INICIAL: 41428992,ASOCIADO A ORDEN,False,True,1256682.2,41428992,True,2025-06-10,04:00:00,Tuesday,6,2025,FLETE
117947209,2025-06-10 04:00:00,SALIDA,10500.0,1277682.2,41509796.0,SALIDA POR COBRO DE FLETE INICIAL: 41509796,ASOCIADO A ORDEN,False,True,1267182.2,41509796,True,2025-06-10,04:00:00,Tuesday,6,2025,FLETE
117907340,2025-06-10 00:25:00,ENTRADA,36953.5,1240728.7,42821953.0,ENTRADA POR GANANCIA EN LA ORDEN COMO DROPSHIPPER: 42821953* GUIA: *V4001156302*,ASOCIADO A ORDEN,True,False,1277682.2,42821953,True,2025-06-10,00:25:00,Tuesday,6,2025,GANANCIA
117904617,2025-06-10 00:24:00,ENTRADA,44554.66,1196174.04,42813097.0,ENTRADA POR GANANCIA EN LA ORDEN COMO DROPSHIPPER: 42813097* GUIA: *36393377548*,ASOCIADO A ORDEN,True,False,1240728.7,42813097,True,2025-06-10,00:24:00,Tuesday,6,2025,GANANCIA
117430297,2025-06-07 00:10:00,ENTRADA,56267.6,1139906.44,42452332.0,ENTRADA POR GANANCIA EN LA ORDEN COMO DROPSHIPPER: 42452332* GUIA: *V4001141416*,ASOCIADO A ORDEN,True,False,1196174.04,42452332,True,2025-06-07,00:10:00,Saturday,6,2025,GANANCIA
117401939,2025-06-07 00:03:00,ENTRADA,34236.5,1105669.94,42262928.0,ENTRADA POR GANANCIA EN LA ORDEN COMO DROPSHIPPER: 42262928* GUIA: *024030019764*,ASOCIADO A ORDEN,True,False,1139906.44,42262928,True,2025-06-07,00:03:00,Saturday,6,2025,GANANCIA
117386824,2025-06-07 00:00:00,ENTRADA,72733.45,1032936.49,41800904.0,ENTRADA POR GANANCIA EN LA ORDEN COMO DROPSHIPPER: 41800904* GUIA: *WCO2000049864*,ASOCIADO A ORDEN,True,False,1105669.94,41800904,True,2025-06-07,00:00:00,Saturday,6,2025,GANANCIA
117385199,2025-06-07 00:00:00,ENTRADA,48156.96,984779.53,41502416.0,ENTRADA POR GANANCIA EN LA ORDEN COMO DROPSHIPPER: 41502416* GUIA: *612282603*,ASOCIADO A ORDEN,True,False,1032936.49,41502416,True,2025-06-07,00:00:00,Saturday,6,2025,GANANCIA
117352215,2025-06-06 08:39:00,SALIDA,8000.0,992779.53,41641819.0,SALIDA POR COBRO DE FLETE INICIAL: 41641819,ASOCIADO A ORDEN,False,True,984779.53,41641819,True,2025-06-06,08:39:00,Friday,6,2025,FLETE
117206997,2025-06-06 00:00:00,ENTRADA,31820.0,960959.53,41705568.0,ENTRADA POR GANANCIA EN LA ORDEN COMO DROPSHIPPER: 41705568* GUIA: *85910403257396*,ASOCIADO A ORDEN,True,False,992779.53,41705568,True,2025-06-06,00:00:00,Friday,6,2025,GANANCIA
117182710,2025-06-05 12:38:00,SALIDA,12518.0,973477.53,41867955.0,SALIDA POR COBRO DE FLETE INICIAL: 41867955,ASOCIADO A ORDEN,False,True,960959.53,41867955,True,2025-06-05,12:38:00,Thursday,6,2025,FLETE
117090526,2025-06-05 00:22:00,ENTRADA,36953.5,936524.03,42314329.0,ENTRADA POR GANANCIA EN LA ORDEN COMO DROPSHIPPER: 42314329* GUIA: *V4001130807*,ASOCIADO A ORDEN,True,False,973477.53,42314329,True,2025-06-05,00:22:00,Thursday,6,2025,GANANCIA
116948490,2025-06-04 09:00:00,SALIDA,1100000.0,2036524.03,,SALIDA POR RECARGA DE TARJETA DE CREDITO car_02zbxxEudRjYd6rrVWahtw,RETIRO GENERAL,False,True,936524.03,0,False,2025-06-04,09:00:00,Wednesday,6,2025,OTRO
116821002,2025-06-04 00:09:00,ENTRADA,35560.0,2000964.03,41961457.0,ENTRADA POR GANANCIA EN LA ORDEN COMO DROPSHIPPER: 41961457* GUIA: *85910403269340*,ASOCIADO A ORDEN,True,False,2036524.03,41961457,True,2025-06-04,00:09:00,Wednesday,6,2025,GANANCIA
116704209,2025-06-02 17:38:00,SALIDA,162000.0,2162964.03,,SALIDA POR PETICION DE RETIRO DE SALDO EN CARTERA,RETIRO GENERAL,False,True,2000964.0299999998,0,False,2025-06-02,17:38:00,Monday,6,2025,OTRO
116684591,2025-06-01 11:22:00,SALIDA,73780.0,2236744.03,42496682.0,SALIDA POR NUEVA ORDEN: 42496682,ASOCIADO A ORDEN,False,True,2162964.03,42496682,True,2025-06-01,11:22:00,Sunday,6,2025,NUEVA ORDEN
116684539,2025-06-01 11:11:00,SALIDA,75810.0,2312554.03,42496066.0,SALIDA POR NUEVA ORDEN: 42496066,ASOCIADO A ORDEN,False,True,2236744.03,42496066,True,2025-06-01,11:11:00,Sunday,6,2025,NUEVA ORDEN
116677308,2025-06-01 05:02:00,SALIDA,12500.0,2325054.03,,SALIDA POR MANTENIMIENTO MENSUAL TARJETA VIRTUAL ID: 25803 UUID:car_02zbxxEudRjYd6rrVWahtw - CORRESPONDIENTE A MES: 06-2025,RETIRO GENERAL,False,True,2312554.03,0,False,2025-06-01,05:02:00,Sunday,6,2025,OTRO
116670770,2025-06-01 02:30:00,ENTRADA,34058.5,2290995.53,41517847.0,ENTRADA POR GANANCIA EN LA ORDEN COMO DROPSHIPPER: 41517847* GUIA: *V4001094508*,ASOCIADO A ORDEN,True,False,2325054.03,41517847,True,2025-06-01,02:30:00,Sunday,6,2025,GANANCIA
116647316,2025-06-01 00:15:00,ENTRADA,37692.5,2253303.03,42265253.0,ENTRADA POR GANANCIA EN LA ORDEN COMO DROPSHIPPER: 42265253* GUIA: *024030027799*,ASOCIADO A ORDEN,True,False,2290995.53,42265253,True,2025-06-01,00:15:00,Sunday,6,2025,GANANCIA
116599161,2025-06-01 00:04:00,ENTRADA,38969.5,2214333.53,42044582.0,ENTRADA POR GANANCIA EN LA ORDEN COMO DROPSHIPPER: 42044582* GUIA: *240029694785*,ASOCIADO A ORDEN,True,False,2253303.03,42044582,True,2025-06-01,00:04:00,Sunday,6,2025,GANANCIA
116444747,2025-05-30 22:01:00,SALIDA,13838.0,2228171.53,40439948.0,SALIDA POR COBRO DE FLETE INICIAL: 40439948,ASOCIADO A ORDEN,False,True,2214333.53,40439948,True,2025-05-30,22:01:00,Friday,5,2025,FLETE
116417358,2025-05-30 12:41:00,SALIDA,12518.0,2240689.53,41706473.0,SALIDA POR COBRO DE FLETE INICIAL: 41706473,ASOCIADO A ORDEN,False,True,2228171.53,41706473,True,2025-05-30,12:41:00,Friday,5,2025,FLETE
116417320,2025-05-30 12:41:00,SALIDA,12518.0,2253207.53,41503088.0,SALIDA POR COBRO DE FLETE INICIAL: 41503088,ASOCIADO A ORDEN,False,True,2240689.53,41503088,True,2025-05-30,12:41:00,Friday,5,2025,FLETE
116416649,2025-05-30 12:30:00,SALIDA,39258.0,2292465.53,42372142.0,SALIDA POR NUEVA ORDEN: 42372142,ASOCIADO A ORDEN,False,True,2253207.53,42372142,True,2025-05-30,12:30:00,Friday,5,2025,NUEVA ORDEN
116396565,2025-05-30 10:22:00,SALIDA,12518.0,2304983.53,41519435.0,SALIDA POR COBRO DE FLETE INICIAL: 41519435,ASOCIADO A ORDEN,False,True,2292465.53,41519435,True,2025-05-30,10:22:00,Friday,5,2025,FLETE
116382974,2025-05-30 04:01:00,SALIDA,10500.0,2315483.53,40233383.0,SALIDA POR COBRO DE FLETE INICIAL: 40233383,ASOCIADO A ORDEN,False,True,2304983.53,40233383,True,2025-05-30,04:01:00,Friday,5,2025,FLETE
116382939,2025-05-30 04:01:00,SALIDA,10500.0,2325983.53,40222310.0,SALIDA POR COBRO DE FLETE INICIAL: 40222310,ASOCIADO A ORDEN,False,True,2315483.53,40222310,True,2025-05-30,04:01:00,Friday,5,2025,FLETE
116378952,2025-05-30 02:34:00,ENTRADA,41848.5,2284135.03,42207652.0,ENTRADA POR GANANCIA EN LA ORDEN COMO DROPSHIPPER: 42207652* GUIA: *V4001125949*,ASOCIADO A ORDEN,True,False,2325983.53,42207652,True,2025-05-30,02:34:00,Friday,5,2025,GANANCIA
116225983,2025-05-29 23:01:00,SALIDA,15849.0,2299984.03,40483732.0,SALIDA POR COBRO DE FLETE INICIAL: 40483732,ASOCIADO A ORDEN,False,True,2284135.03,40483732,True,2025-05-29,23:01:00,Thursday,5,2025,FLETE
116220943,2025-05-29 18:53:00,SALIDA,80000.0,2379984.03,,SALIDA POR RECARGA DE TARJETA DE CREDITO car_02zbxxEudRjYd6rrVWahtw,RETIRO GENERAL,False,True,2299984.03,0,False,2025-05-29,18:53:00,Thursday,5,2025,OTRO
116211844,2025-05-29 15:47:00,SALIDA,15889.0,2395873.03,41669820.0,SALIDA POR COBRO DE FLETE INICIAL: 41669820,ASOCIADO A ORDEN,False,True,2379984.03,41669820,True,2025-05-29,15:47:00,Thursday,5,2025,FLETE
116183664,2025-05-29 05:01:00,SALIDA,10500.0,2406373.03,40493799.0,SALIDA POR COBRO DE FLETE INICIAL: 40493799,ASOCIADO A ORDEN,False,True,2395873.03,40493799,True,2025-05-29,05:01:00,Thursday,5,2025,FLETE
116183663,2025-05-29 05:01:00,SALIDA,10500.0,2416873.03,40547394.0,SALIDA POR COBRO DE FLETE INICIAL: 40547394,ASOCIADO A ORDEN,False,True,2406373.03,40547394,True,2025-05-29,05:01:00,Thursday,5,2025,FLETE
116183645,2025-05-29 05:01:00,SALIDA,10500.0,2427373.03,40265013.0,SALIDA POR COBRO DE FLETE INICIAL: 40265013,ASOCIADO A ORDEN,False,True,2416873.03,40265013,True,2025-05-29,05:01:00,Thursday,5,2025,FLETE
116183604,2025-05-29 05:01:00,SALIDA,10500.0,2437873.03,40487109.0,SALIDA POR COBRO DE FLETE INICIAL: 40487109,ASOCIADO A ORDEN,False,True,2427373.03,40487109,True,2025-05-29,05:01:00,Thursday,5,2025,FLETE
116183597,2025-05-29 05:01:00,SALIDA,10500.0,2448373.03,40640307.0,SALIDA POR COBRO DE FLETE INICIAL: 40640307,ASOCIADO A ORDEN,False,True,2437873.03,40640307,True,2025-05-29,05:01:00,Thursday,5,2025,FLETE
116183596,2025-05-29 05:01:00,SALIDA,10500.0,2458873.03,40741408.0,SALIDA POR COBRO DE FLETE INICIAL: 40741408,ASOCIADO A ORDEN,False,True,2448373.03,40741408,True,2025-05-29,05:01:00,Thursday,5,2025,FLETE
116183437,2025-05-29 05:00:00,SALIDA,15849.0,2474722.03,40339419.0,SALIDA POR COBRO DE FLETE INICIAL: 40339419,ASOCIADO A ORDEN,False,True,2458873.03,40339419,True,2025-05-29,05:00:00,Thursday,5,2025,FLETE
116109950,2025-05-29 00:24:00,ENTRADA,34419.5,2440302.53,41941480.0,ENTRADA POR GANANCIA EN LA ORDEN COMO DROPSHIPPER: 41941480* GUIA: *240029652694*,ASOCIADO A ORDEN,True,False,2474722.03,41941480,True,2025-05-29,00:24:00,Thursday,5,2025,GANANCIA
115970358,2025-05-28 13:09:00,SALIDA,11339.0,2451641.53,41644487.0,SALIDA POR COBRO DE FLETE INICIAL: 41644487,ASOCIADO A ORDEN,False,True,2440302.53,41644487,True,2025-05-28,13:09:00,Wednesday,5,2025,FLETE
115966698,2025-05-28 12:38:00,SALIDA,15820.1,2467461.63,41609329.0,SALIDA POR COBRO DE FLETE INICIAL: 41609329,ASOCIADO A ORDEN,False,True,2451641.53,41609329,True,2025-05-28,12:38:00,Wednesday,5,2025,FLETE
115900548,2025-05-28 00:15:00,ENTRADA,37101.5,2430360.13,41868521.0,ENTRADA POR GANANCIA EN LA ORDEN COMO DROPSHIPPER: 41868521* GUIA: *024029971778*,ASOCIADO A ORDEN,True,False,2467461.63,41868521,True,2025-05-28,00:15:00,Wednesday,5,2025,GANANCIA
115869926,2025-05-28 00:09:00,ENTRADA,62413.16,2367946.97,41748749.0,ENTRADA POR GANANCIA EN LA ORDEN COMO DROPSHIPPER: 41748749* GUIA: *36393288973*,ASOCIADO A ORDEN,True,False,2430360.1300000004,41748749,True,2025-05-28,00:09:00,Wednesday,5,2025,GANANCIA
115829196,2025-05-28 00:00:00,ENTRADA,26779.5,2341167.47,40587381.0,ENTRADA POR GANANCIA EN LA ORDEN COMO DROPSHIPPER: 40587381* GUIA: *240028619898*,ASOCIADO A ORDEN,True,False,2367946.97,40587381,True,2025-05-28,00:00:00,Wednesday,5,2025,GANANCIA
115787085,2025-05-27 04:30:00,ENTRADA,34058.5,2307108.97,41467683.0,ENTRADA POR GANANCIA EN LA ORDEN COMO DROPSHIPPER: 41467683* GUIA: *V4001094450*,ASOCIADO A ORDEN,True,False,2341167.47,41467683,True,2025-05-27,04:30:00,Tuesday,5,2025,GANANCIA
115723770,2025-05-27 00:11:00,ENTRADA,42900.0,2264208.97,41753522.0,ENTRADA POR GANANCIA EN LA ORDEN COMO DROPSHIPPER: 41753522* GUIA: *WCO2000050183*,ASOCIADO A ORDEN,True,False,2307108.97,41753522,True,2025-05-27,00:11:00,Tuesday,5,2025,GANANCIA
115690844,2025-05-27 00:04:00,ENTRADA,35988.5,2228220.47,41528151.0,ENTRADA POR GANANCIA EN LA ORDEN COMO DROPSHIPPER: 41528151* GUIA: *V4001095916*,ASOCIADO A ORDEN,True,False,2264208.97,41528151,True,2025-05-27,00:04:00,Tuesday,5,2025,GANANCIA
115677924,2025-05-27 00:01:00,ENTRADA,26779.5,2201440.97,41010378.0,ENTRADA POR GANANCIA EN LA ORDEN COMO DROPSHIPPER: 41010378* GUIA: *240028955399*,ASOCIADO A ORDEN,True,False,2228220.47,41010378,True,2025-05-27,00:01:00,Tuesday,5,2025,GANANCIA
115655828,2025-05-26 15:34:00,SALIDA,15849.0,2217289.97,40497673.0,SALIDA POR COBRO DE FLETE INICIAL: 40497673,ASOCIADO A ORDEN,False,True,2201440.97,40497673,True,2025-05-26,15:34:00,Monday,5,2025,FLETE
115655827,2025-05-26 15:34:00,SALIDA,16498.0,2233787.97,40497673.0,SALIDA POR COBRO DE FLETE INICIAL: 40497673,ASOCIADO A ORDEN,False,True,2217289.97,40497673,True,2025-05-26,15:34:00,Monday,5,2025,FLETE
115654340,2025-05-26 15:14:00,SALIDA,15849.0,2249636.97,40580885.0,SALIDA POR COBRO DE FLETE INICIAL: 40580885,ASOCIADO A ORDEN,False,True,2233787.97,40580885,True,2025-05-26,15:14:00,Monday,5,2025,FLETE
115646534,2025-05-26 14:22:00,SALIDA,11299.0,2260935.97,40159785.0,SALIDA POR COBRO DE FLETE INICIAL: 40159785,ASOCIADO A ORDEN,False,True,2249636.97,40159785,True,2025-05-26,14:22:00,Monday,5,2025,FLETE
115622928,2025-05-26 10:03:00,SALIDA,15849.0,2276784.97,40438885.0,SALIDA POR COBRO DE FLETE INICIAL: 40438885,ASOCIADO A ORDEN,False,True,2260935.97,40438885,True,2025-05-26,10:03:00,Monday,5,2025,FLETE
115612962,2025-05-26 07:32:00,SALIDA,15849.0,2292633.97,40231565.0,SALIDA POR COBRO DE FLETE INICIAL: 40231565,ASOCIADO A ORDEN,False,True,2276784.97,40231565,True,2025-05-26,07:32:00,Monday,5,2025,FLETE
115579141,2025-05-26 00:10:00,ENTRADA,36104.5,2256529.47,41675412.0,ENTRADA POR GANANCIA EN LA ORDEN COMO DROPSHIPPER: 41675412* GUIA: *240029452107*,ASOCIADO A ORDEN,True,False,2292633.97,41675412,True,2025-05-26,00:10:00,Monday,5,2025,GANANCIA
115566836,2025-05-26 00:07:00,ENTRADA,30599.5,2225929.97,41626233.0,ENTRADA POR GANANCIA EN LA ORDEN COMO DROPSHIPPER: 41626233* GUIA: *240029414838*,ASOCIADO A ORDEN,True,False,2256529.47,41626233,True,2025-05-26,00:07:00,Monday,5,2025,GANANCIA
115541623,2025-05-26 00:02:00,ENTRADA,30599.5,2195330.47,41533902.0,ENTRADA POR GANANCIA EN LA ORDEN COMO DROPSHIPPER: 41533902* GUIA: *240029312341*,ASOCIADO A ORDEN,True,False,2225929.97,41533902,True,2025-05-26,00:02:00,Monday,5,2025,GANANCIA
115530281,2025-05-25 22:49:00,SALIDA,1100000.0,3295330.47,,SALIDA POR RECARGA DE TARJETA DE CREDITO car_02zbxxEudRjYd6rrVWahtw,RETIRO GENERAL,False,True,2195330.47,0,False,2025-05-25,22:49:00,Sunday,5,2025,OTRO
115522615,2025-05-25 08:01:00,SALIDA,16302.4,3311632.87,41543777.0,SALIDA POR COBRO DE FLETE INICIAL: 41543777,ASOCIADO A ORDEN,False,True,3295330.47,41543777,True,2025-05-25,08:01:00,Sunday,5,2025,FLETE
115518189,2025-05-25 04:31:00,ENTRADA,55083.01,3256549.86,41518294.0,ENTRADA POR GANANCIA EN LA ORDEN COMO DROPSHIPPER: 41518294* GUIA: *240029312827*,ASOCIADO A ORDEN,True,False,3311632.8699999996,41518294,True,2025-05-25,04:31:00,Sunday,5,2025,GANANCIA
115493890,2025-05-25 02:35:00,ENTRADA,37101.5,3219448.36,41800437.0,ENTRADA POR GANANCIA EN LA ORDEN COMO DROPSHIPPER: 41800437* GUIA: *024029963475*,ASOCIADO A ORDEN,True,False,3256549.86,41800437,True,2025-05-25,02:35:00,Sunday,5,2025,GANANCIA
115485620,2025-05-25 02:33:00,ENTRADA,39848.5,3179599.86,41771559.0,ENTRADA POR GANANCIA EN LA ORDEN COMO DROPSHIPPER: 41771559* GUIA: *V4001109690*,ASOCIADO A ORDEN,True,False,3219448.36,41771559,True,2025-05-25,02:33:00,Sunday,5,2025,GANANCIA
115462511,2025-05-25 00:26:00,ENTRADA,34419.5,3145180.36,41743766.0,ENTRADA POR GANANCIA EN LA ORDEN COMO DROPSHIPPER: 41743766* GUIA: *240029508977*,ASOCIADO A ORDEN,True,False,3179599.86,41743766,True,2025-05-25,00:26:00,Sunday,5,2025,GANANCIA
115448867,2025-05-25 00:23:00,ENTRADA,30983.0,3114197.36,41686750.0,ENTRADA POR GANANCIA EN LA ORDEN COMO DROPSHIPPER: 41686750* GUIA: *36393282609*,ASOCIADO A ORDEN,True,False,3145180.36,41686750,True,2025-05-25,00:23:00,Sunday,5,2025,GANANCIA
115298721,2025-05-24 04:44:00,SALIDA,16498.0,3130695.36,40339562.0,SALIDA POR COBRO DE FLETE INICIAL: 40339562,ASOCIADO A ORDEN,False,True,3114197.36,40339562,True,2025-05-24,04:44:00,Saturday,5,2025,FLETE
115289084,2025-05-24 03:45:00,SALIDA,16498.0,3147193.36,40235685.0,SALIDA POR COBRO DE FLETE INICIAL: 40235685,ASOCIADO A ORDEN,False,True,3130695.36,40235685,True,2025-05-24,03:45:00,Saturday,5,2025,FLETE
115288704,2025-05-24 03:06:00,SALIDA,16498.0,3163691.36,40305839.0,SALIDA POR COBRO DE FLETE INICIAL: 40305839,ASOCIADO A ORDEN,False,True,3147193.36,40305839,True,2025-05-24,03:06:00,Saturday,5,2025,FLETE
115287547,2025-05-24 02:32:00,ENTRADA,62057.6,3101633.76,41759687.0,ENTRADA POR GANANCIA EN LA ORDEN COMO DROPSHIPPER: 41759687* GUIA: *V4001109691*,ASOCIADO A ORDEN,True,False,3163691.36,41759687,True,2025-05-24,02:32:00,Saturday,5,2025,GANANCIA
115287501,2025-05-24 02:32:00,ENTRADA,39848.5,3061785.26,41748909.0,ENTRADA POR GANANCIA EN LA ORDEN COMO DROPSHIPPER: 41748909* GUIA: *V4001106958*,ASOCIADO A ORDEN,True,False,3101633.76,41748909,True,2025-05-24,02:32:00,Saturday,5,2025,GANANCIA
115270284,2025-05-24 00:26:00,ENTRADA,33946.71,3027838.55,41786492.0,ENTRADA POR GANANCIA EN LA ORDEN COMO DROPSHIPPER: 41786492* GUIA: *36393293548*,ASOCIADO A ORDEN,True,False,3061785.26,41786492,True,2025-05-24,00:26:00,Saturday,5,2025,GANANCIA
115246549,2025-05-24 00:21:00,ENTRADA,37101.5,2990737.05,41707506.0,ENTRADA POR GANANCIA EN LA ORDEN COMO DROPSHIPPER: 41707506* GUIA: *024029943103*,ASOCIADO A ORDEN,True,False,3027838.55,41707506,True,2025-05-24,00:21:00,Saturday,5,2025,GANANCIA
115235283,2025-05-24 00:18:00,ENTRADA,38436.2,2952300.85,41674767.0,ENTRADA POR GANANCIA EN LA ORDEN COMO DROPSHIPPER: 41674767* GUIA: *024029941917*,ASOCIADO A ORDEN,True,False,2990737.0500000003,41674767,True,2025-05-24,00:18:00,Saturday,5,2025,GANANCIA
115233894,2025-05-24 00:18:00,ENTRADA,30599.5,2921701.35,41670827.0,ENTRADA POR GANANCIA EN LA ORDEN COMO DROPSHIPPER: 41670827* GUIA: *240029452391*,ASOCIADO A ORDEN,True,False,2952300.85,41670827,True,2025-05-24,00:18:00,Saturday,5,2025,GANANCIA
115222206,2025-05-24 00:15:00,ENTRADA,35988.5,2885712.85,41633606.0,ENTRADA POR GANANCIA EN LA ORDEN COMO DROPSHIPPER: 41633606* GUIA: *V4001102363*,ASOCIADO A ORDEN,True,False,2921701.35,41633606,True,2025-05-24,00:15:00,Saturday,5,2025,GANANCIA
115219962,2025-05-24 00:15:00,ENTRADA,35988.5,2849724.35,41625589.0,ENTRADA POR GANANCIA EN LA ORDEN COMO DROPSHIPPER: 41625589* GUIA: *V4001102301*,ASOCIADO A ORDEN,True,False,2885712.85,41625589,True,2025-05-24,00:15:00,Saturday,5,2025,GANANCIA
115155554,2025-05-24 00:01:00,ENTRADA,26779.5,2822944.85,41019503.0,ENTRADA POR GANANCIA EN LA ORDEN COMO DROPSHIPPER: 41019503* GUIA: *240028947584*,ASOCIADO A ORDEN,True,False,2849724.35,41019503,True,2025-05-24,00:01:00,Saturday,5,2025,GANANCIA
115138636,2025-05-23 17:01:00,SALIDA,10500.0,2833444.85,41437250.0,SALIDA POR COBRO DE FLETE INICIAL: 41437250,ASOCIADO A ORDEN,False,True,2822944.85,41437250,True,2025-05-23,17:01:00,Friday,5,2025,FLETE
115106841,2025-05-23 02:30:00,ENTRADA,36953.5,2796491.35,41676740.0,ENTRADA POR GANANCIA EN LA ORDEN COMO DROPSHIPPER: 41676740* GUIA: *V4001103793*,ASOCIADO A ORDEN,True,False,2833444.85,41676740,True,2025-05-23,02:30:00,Friday,5,2025,GANANCIA
115095873,2025-05-23 00:27:00,ENTRADA,33946.71,2762544.64,41707156.0,ENTRADA POR GANANCIA EN LA ORDEN COMO DROPSHIPPER: 41707156* GUIA: *36393283913*,ASOCIADO A ORDEN,True,False,2796491.35,41707156,True,2025-05-23,00:27:00,Friday,5,2025,GANANCIA
115089479,2025-05-23 00:26:00,ENTRADA,63057.93,2699486.71,41677979.0,ENTRADA POR GANANCIA EN LA ORDEN COMO DROPSHIPPER: 41677979* GUIA: *V4001103792*,ASOCIADO A ORDEN,True,False,2762544.64,41677979,True,2025-05-23,00:26:00,Friday,5,2025,GANANCIA
115088857,2025-05-23 00:26:00,ENTRADA,39900.0,2659586.71,41675641.0,ENTRADA POR GANANCIA EN LA ORDEN COMO DROPSHIPPER: 41675641* GUIA: *WCO2000048321*,ASOCIADO A ORDEN,True,False,2699486.71,41675641,True,2025-05-23,00:26:00,Friday,5,2025,GANANCIA
115086574,2025-05-23 00:25:00,ENTRADA,35988.5,2623598.21,41667414.0,ENTRADA POR GANANCIA EN LA ORDEN COMO DROPSHIPPER: 41667414* GUIA: *V4001103812*,ASOCIADO A ORDEN,True,False,2659586.71,41667414,True,2025-05-23,00:25:00,Friday,5,2025,GANANCIA
115084498,2025-05-23 00:25:00,ENTRADA,35988.5,2587609.71,41661383.0,ENTRADA POR GANANCIA EN LA ORDEN COMO DROPSHIPPER: 41661383* GUIA: *V4001103046*,ASOCIADO A ORDEN,True,False,2623598.21,41661383,True,2025-05-23,00:25:00,Friday,5,2025,GANANCIA
114975739,2025-05-23 00:01:00,ENTRADA,26779.5,2560830.21,41010327.0,ENTRADA POR GANANCIA EN LA ORDEN COMO DROPSHIPPER: 41010327* GUIA: *240028947612*,ASOCIADO A ORDEN,True,False,2587609.71,41010327,True,2025-05-23,00:01:00,Friday,5,2025,GANANCIA
114975302,2025-05-23 00:01:00,ENTRADA,32128.5,2528701.71,41003361.0,ENTRADA POR GANANCIA EN LA ORDEN COMO DROPSHIPPER: 41003361* GUIA: *V4001075131*,ASOCIADO A ORDEN,True,False,2560830.21,41003361,True,2025-05-23,00:01:00,Friday,5,2025,GANANCIA
114951678,2025-05-22 15:47:00,ENTRADA,38120.5,2490581.21,,DEVOLUCION DE DINERO POR GARANTIA INDEMINZADA POR PARTE DEL PROVEEDOR. ID_GARANTIA: 65174,INGRESO GENERAL,True,False,2528701.71,0,False,2025-05-22,15:47:00,Thursday,5,2025,OTRO
114923758,2025-05-22 04:30:00,ENTRADA,34058.5,2456522.71,41491281.0,ENTRADA POR GANANCIA EN LA ORDEN COMO DROPSHIPPER: 41491281* GUIA: *V4001094441*,ASOCIADO A ORDEN,True,False,2490581.21,41491281,True,2025-05-22,04:30:00,Thursday,5,2025,GANANCIA
114919644,2025-05-22 02:55:00,ENTRADA,32128.5,2424394.21,41661545.0,ENTRADA POR GANANCIA EN LA ORDEN COMO DROPSHIPPER: 41661545* GUIA: *V4001103044*,ASOCIADO A ORDEN,True,False,2456522.71,41661545,True,2025-05-22,02:55:00,Thursday,5,2025,GANANCIA
114909188,2025-05-22 02:53:00,ENTRADA,33281.5,2391112.71,41610304.0,ENTRADA POR GANANCIA EN LA ORDEN COMO DROPSHIPPER: 41610304* GUIA: *024029931679*,ASOCIADO A ORDEN,True,False,2424394.21,41610304,True,2025-05-22,02:53:00,Thursday,5,2025,GANANCIA
114908596,2025-05-22 02:53:00,ENTRADA,35988.5,2355124.21,41607669.0,ENTRADA POR GANANCIA EN LA ORDEN COMO DROPSHIPPER: 41607669* GUIA: *V4001100544*,ASOCIADO A ORDEN,True,False,2391112.71,41607669,True,2025-05-22,02:53:00,Thursday,5,2025,GANANCIA
114906901,2025-05-22 02:53:00,ENTRADA,38900.0,2316224.21,41601241.0,ENTRADA POR GANANCIA EN LA ORDEN COMO DROPSHIPPER: 41601241* GUIA: *WCO2000048050*,ASOCIADO A ORDEN,True,False,2355124.21,41601241,True,2025-05-22,02:53:00,Thursday,5,2025,GANANCIA
114890137,2025-05-22 02:49:00,ENTRADA,33281.5,2282942.71,41555406.0,ENTRADA POR GANANCIA EN LA ORDEN COMO DROPSHIPPER: 41555406* GUIA: *024029921138*,ASOCIADO A ORDEN,True,False,2316224.21,41555406,True,2025-05-22,02:49:00,Thursday,5,2025,GANANCIA
114885804,2025-05-22 02:48:00,ENTRADA,35988.5,2246954.21,41545128.0,ENTRADA POR GANANCIA EN LA ORDEN COMO DROPSHIPPER: 41545128* GUIA: *V4001098000*,ASOCIADO A ORDEN,True,False,2282942.71,41545128,True,2025-05-22,02:48:00,Thursday,5,2025,GANANCIA
114871150,2025-05-22 02:45:00,ENTRADA,34058.5,2212895.71,41509536.0,ENTRADA POR GANANCIA EN LA ORDEN COMO DROPSHIPPER: 41509536* GUIA: *V4001094510*,ASOCIADO A ORDEN,True,False,2246954.21,41509536,True,2025-05-22,02:45:00,Thursday,5,2025,GANANCIA
114868550,2025-05-22 02:45:00,ENTRADA,31371.5,2181524.21,41502819.0,ENTRADA POR GANANCIA EN LA ORDEN COMO DROPSHIPPER: 41502819* GUIA: *024029915886*,ASOCIADO A ORDEN,True,False,2212895.71,41502819,True,2025-05-22,02:45:00,Thursday,5,2025,GANANCIA
114868475,2025-05-22 02:45:00,ENTRADA,31371.5,2150152.71,41502676.0,ENTRADA POR GANANCIA EN LA ORDEN COMO DROPSHIPPER: 41502676* GUIA: *024029915887*,ASOCIADO A ORDEN,True,False,2181524.21,41502676,True,2025-05-22,02:45:00,Thursday,5,2025,GANANCIA
114868319,2025-05-22 02:45:00,ENTRADA,33239.5,2116913.21,41502368.0,ENTRADA POR GANANCIA EN LA ORDEN COMO DROPSHIPPER: 41502368* GUIA: *240029298453*,ASOCIADO A ORDEN,True,False,2150152.71,41502368,True,2025-05-22,02:45:00,Thursday,5,2025,GANANCIA
114860006,2025-05-22 02:43:00,ENTRADA,34058.5,2082854.71,41481277.0,ENTRADA POR GANANCIA EN LA ORDEN COMO DROPSHIPPER: 41481277* GUIA: *V4001098447*,ASOCIADO A ORDEN,True,False,2116913.21,41481277,True,2025-05-22,02:43:00,Thursday,5,2025,GANANCIA
114858339,2025-05-22 02:43:00,ENTRADA,34058.5,2048796.21,41477273.0,ENTRADA POR GANANCIA EN LA ORDEN COMO DROPSHIPPER: 41477273* GUIA: *V4001094443*,ASOCIADO A ORDEN,True,False,2082854.71,41477273,True,2025-05-22,02:43:00,Thursday,5,2025,GANANCIA
114746494,2025-05-22 00:16:00,ENTRADA,48517.2,2000279.01,41050700.0,ENTRADA POR GANANCIA EN LA ORDEN COMO DROPSHIPPER: 41050700* GUIA: *240028947282*,ASOCIADO A ORDEN,True,False,2048796.21,41050700,True,2025-05-22,00:16:00,Thursday,5,2025,GANANCIA
114739085,2025-05-22 00:15:00,ENTRADA,26779.5,1973499.51,41021084.0,ENTRADA POR GANANCIA EN LA ORDEN COMO DROPSHIPPER: 41021084* GUIA: *240028947571*,ASOCIADO A ORDEN,True,False,2000279.01,41021084,True,2025-05-22,00:15:00,Thursday,5,2025,GANANCIA
114737228,2025-05-22 00:14:00,ENTRADA,26779.5,1946720.01,41012989.0,ENTRADA POR GANANCIA EN LA ORDEN COMO DROPSHIPPER: 41012989* GUIA: *240028947598*,ASOCIADO A ORDEN,True,False,1973499.51,41012989,True,2025-05-22,00:14:00,Thursday,5,2025,GANANCIA
114675789,2025-05-22 00:01:00,ENTRADA,26779.5,1919940.51,40490366.0,ENTRADA POR GANANCIA EN LA ORDEN COMO DROPSHIPPER: 40490366* GUIA: *240028588195*,ASOCIADO A ORDEN,True,False,1946720.01,40490366,True,2025-05-22,00:01:00,Thursday,5,2025,GANANCIA
114659558,2025-05-21 18:40:00,SALIDA,15849.0,1935789.51,41001516.0,SALIDA POR COBRO DE FLETE INICIAL: 41001516,ASOCIADO A ORDEN,False,True,1919940.51,41001516,True,2025-05-21,18:40:00,Wednesday,5,2025,FLETE
114639319,2025-05-21 15:29:00,SALIDA,15849.0,1951638.51,40217667.0,SALIDA POR COBRO DE FLETE INICIAL: 40217667,ASOCIADO A ORDEN,False,True,1935789.51,40217667,True,2025-05-21,15:29:00,Wednesday,5,2025,FLETE
114636841,2025-05-21 15:15:00,SALIDA,16498.0,1968136.51,40325348.0,SALIDA POR COBRO DE FLETE INICIAL: 40325348,ASOCIADO A ORDEN,False,True,1951638.51,40325348,True,2025-05-21,15:15:00,Wednesday,5,2025,FLETE
114636813,2025-05-21 15:15:00,SALIDA,16498.0,1984634.51,40291426.0,SALIDA POR COBRO DE FLETE INICIAL: 40291426,ASOCIADO A ORDEN,False,True,1968136.51,40291426,True,2025-05-21,15:15:00,Wednesday,5,2025,FLETE
114601541,2025-05-21 00:23:00,ENTRADA,33281.5,1951353.01,41555671.0,ENTRADA POR GANANCIA EN LA ORDEN COMO DROPSHIPPER: 41555671* GUIA: *024029921711*,ASOCIADO A ORDEN,True,False,1984634.51,41555671,True,2025-05-21,00:23:00,Wednesday,5,2025,GANANCIA
114595463,2025-05-21 00:22:00,ENTRADA,38900.0,1912453.01,41519105.0,ENTRADA POR GANANCIA EN LA ORDEN COMO DROPSHIPPER: 41519105* GUIA: *WCO2000046708*,ASOCIADO A ORDEN,True,False,1951353.01,41519105,True,2025-05-21,00:22:00,Wednesday,5,2025,GANANCIA
114587607,2025-05-21 00:20:00,ENTRADA,57144.0,1855309.01,41471925.0,ENTRADA POR GANANCIA EN LA ORDEN COMO DROPSHIPPER: 41471925* GUIA: *WCO2000046704*,ASOCIADO A ORDEN,True,False,1912453.01,41471925,True,2025-05-21,00:20:00,Wednesday,5,2025,GANANCIA
114585139,2025-05-21 00:19:00,ENTRADA,36900.0,1818409.01,41457037.0,ENTRADA POR GANANCIA EN LA ORDEN COMO DROPSHIPPER: 41457037* GUIA: *WCO2000046705*,ASOCIADO A ORDEN,True,False,1855309.01,41457037,True,2025-05-21,00:19:00,Wednesday,5,2025,GANANCIA
114440895,2025-05-20 00:29:00,ENTRADA,34058.5,1784350.51,41429140.0,ENTRADA POR GANANCIA EN LA ORDEN COMO DROPSHIPPER: 41429140* GUIA: *V4001093616*,ASOCIADO A ORDEN,True,False,1818409.01,41429140,True,2025-05-20,00:29:00,Tuesday,5,2025,GANANCIA
114440684,2025-05-20 00:29:00,ENTRADA,34058.5,1750292.01,41427719.0,ENTRADA POR GANANCIA EN LA ORDEN COMO DROPSHIPPER: 41427719* GUIA: *V4001093617*,ASOCIADO A ORDEN,True,False,1784350.51,41427719,True,2025-05-20,00:29:00,Tuesday,5,2025,GANANCIA
114440579,2025-05-20 00:29:00,ENTRADA,34058.5,1716233.51,41427230.0,ENTRADA POR GANANCIA EN LA ORDEN COMO DROPSHIPPER: 41427230* GUIA: *V4001093618*,ASOCIADO A ORDEN,True,False,1750292.01,41427230,True,2025-05-20,00:29:00,Tuesday,5,2025,GANANCIA
114236046,2025-05-18 23:43:00,SALIDA,600000.0,2316233.51,,SALIDA POR RECARGA DE TARJETA DE CREDITO car_02zbxxEudRjYd6rrVWahtw,RETIRO GENERAL,False,True,1716233.5099999998,0,False,2025-05-18,23:43:00,Sunday,5,2025,OTRO
114227772,2025-05-18 04:30:00,ENTRADA,26779.5,2289454.01,40997716.0,ENTRADA POR GANANCIA EN LA ORDEN COMO DROPSHIPPER: 40997716* GUIA: *240028947677*,ASOCIADO A ORDEN,True,False,2316233.51,40997716,True,2025-05-18,04:30:00,Sunday,5,2025,GANANCIA
114150821,2025-05-18 00:07:00,ENTRADA,32128.5,2257325.51,41016875.0,ENTRADA POR GANANCIA EN LA ORDEN COMO DROPSHIPPER: 41016875* GUIA: *V4001083125*,ASOCIADO A ORDEN,True,False,2289454.01,41016875,True,2025-05-18,00:07:00,Sunday,5,2025,GANANCIA
114129153,2025-05-18 00:03:00,ENTRADA,26779.5,2230546.01,40659289.0,ENTRADA POR GANANCIA EN LA ORDEN COMO DROPSHIPPER: 40659289* GUIA: *240028689707*,ASOCIADO A ORDEN,True,False,2257325.51,40659289,True,2025-05-18,00:03:00,Sunday,5,2025,GANANCIA
114104348,2025-05-17 14:02:00,SALIDA,11299.0,2241845.01,39844997.0,SALIDA POR COBRO DE FLETE INICIAL: 39844997,ASOCIADO A ORDEN,False,True,2230546.01,39844997,True,2025-05-17,14:02:00,Saturday,5,2025,FLETE
114078058,2025-05-17 02:30:00,ENTRADA,26779.5,2215065.51,40704845.0,ENTRADA POR GANANCIA EN LA ORDEN COMO DROPSHIPPER: 40704845* GUIA: *240028747321*,ASOCIADO A ORDEN,True,False,2241845.01,40704845,True,2025-05-17,02:30:00,Saturday,5,2025,GANANCIA
114077460,2025-05-17 02:30:00,ENTRADA,26779.5,2188286.01,40561813.0,ENTRADA POR GANANCIA EN LA ORDEN COMO DROPSHIPPER: 40561813* GUIA: *240028584888*,ASOCIADO A ORDEN,True,False,2215065.51,40561813,True,2025-05-17,02:30:00,Saturday,5,2025,GANANCIA
113964227,2025-05-17 00:05:00,ENTRADA,26779.5,2161506.51,40672845.0,ENTRADA POR GANANCIA EN LA ORDEN COMO DROPSHIPPER: 40672845* GUIA: *240028689667*,ASOCIADO A ORDEN,True,False,2188286.01,40672845,True,2025-05-17,00:05:00,Saturday,5,2025,GANANCIA
113938338,2025-05-16 22:00:00,SALIDA,13275.98,2174782.49,40176653.0,SALIDA POR COBRO DE FLETE INICIAL: 40176653,ASOCIADO A ORDEN,False,True,2161506.5100000002,40176653,True,2025-05-16,22:00:00,Friday,5,2025,FLETE
113903912,2025-05-16 04:46:00,SALIDA,16498.0,2191280.49,40505903.0,SALIDA POR COBRO DE FLETE INICIAL: 40505903,ASOCIADO A ORDEN,False,True,2174782.49,40505903,True,2025-05-16,04:46:00,Friday,5,2025,FLETE
113823155,2025-05-16 00:15:00,ENTRADA,49705.6,2141574.89,40998222.0,ENTRADA POR GANANCIA EN LA ORDEN COMO DROPSHIPPER: 40998222* GUIA: *V4001075135*,ASOCIADO A ORDEN,True,False,2191280.49,40998222,True,2025-05-16,00:15:00,Friday,5,2025,GANANCIA
113781884,2025-05-16 00:06:00,ENTRADA,26779.5,2114795.39,40631999.0,ENTRADA POR GANANCIA EN LA ORDEN COMO DROPSHIPPER: 40631999* GUIA: *240028659346*,ASOCIADO A ORDEN,True,False,2141574.89,40631999,True,2025-05-16,00:06:00,Friday,5,2025,GANANCIA
113772250,2025-05-16 00:04:00,ENTRADA,26779.5,2088015.89,40565054.0,ENTRADA POR GANANCIA EN LA ORDEN COMO DROPSHIPPER: 40565054* GUIA: *240028620560*,ASOCIADO A ORDEN,True,False,2114795.3899999997,40565054,True,2025-05-16,00:04:00,Friday,5,2025,GANANCIA
113768542,2025-05-16 00:03:00,ENTRADA,31329.5,2056686.39,40488469.0,ENTRADA POR GANANCIA EN LA ORDEN COMO DROPSHIPPER: 40488469* GUIA: *240028586538*,ASOCIADO A ORDEN,True,False,2088015.89,40488469,True,2025-05-16,00:03:00,Friday,5,2025,GANANCIA
113760829,2025-05-16 00:02:00,ENTRADA,26779.5,2029906.89,40436994.0,ENTRADA POR GANANCIA EN LA ORDEN COMO DROPSHIPPER: 40436994* GUIA: *240028538431*,ASOCIADO A ORDEN,True,False,2056686.39,40436994,True,2025-05-16,00:02:00,Friday,5,2025,GANANCIA
113686392,2025-05-15 04:30:00,ENTRADA,26779.5,2003127.39,40045582.0,ENTRADA POR GANANCIA EN LA ORDEN COMO DROPSHIPPER: 40045582* GUIA: *240028230120*,ASOCIADO A ORDEN,True,False,2029906.89,40045582,True,2025-05-15,04:30:00,Thursday,5,2025,GANANCIA
113676742,2025-05-15 02:41:00,ENTRADA,32128.5,1970998.89,41051029.0,ENTRADA POR GANANCIA EN LA ORDEN COMO DROPSHIPPER: 41051029* GUIA: *V4001075103*,ASOCIADO A ORDEN,True,False,2003127.39,41051029,True,2025-05-15,02:41:00,Thursday,5,2025,GANANCIA
113603748,2025-05-15 00:09:00,ENTRADA,27517.9,1943480.99,40769550.0,ENTRADA POR GANANCIA EN LA ORDEN COMO DROPSHIPPER: 40769550* GUIA: *5023681373631265*,ASOCIADO A ORDEN,True,False,1970998.89,40769550,True,2025-05-15,00:09:00,Thursday,5,2025,GANANCIA
113580919,2025-05-15 00:04:00,ENTRADA,26779.5,1916701.49,40543896.0,ENTRADA POR GANANCIA EN LA ORDEN COMO DROPSHIPPER: 40543896* GUIA: *240028620903*,ASOCIADO A ORDEN,True,False,1943480.99,40543896,True,2025-05-15,00:04:00,Thursday,5,2025,GANANCIA
113573485,2025-05-15 00:03:00,ENTRADA,26779.5,1889921.99,40436597.0,ENTRADA POR GANANCIA EN LA ORDEN COMO DROPSHIPPER: 40436597* GUIA: *240028538447*,ASOCIADO A ORDEN,True,False,1916701.49,40436597,True,2025-05-15,00:03:00,Thursday,5,2025,GANANCIA
113568721,2025-05-15 00:02:00,ENTRADA,31329.5,1858592.49,40415034.0,ENTRADA POR GANANCIA EN LA ORDEN COMO DROPSHIPPER: 40415034* GUIA: *240028512420*,ASOCIADO A ORDEN,True,False,1889921.99,40415034,True,2025-05-15,00:02:00,Thursday,5,2025,GANANCIA
113567635,2025-05-15 00:02:00,ENTRADA,43967.2,1814625.29,40409454.0,ENTRADA POR GANANCIA EN LA ORDEN COMO DROPSHIPPER: 40409454* GUIA: *240028504415*,ASOCIADO A ORDEN,True,False,1858592.49,40409454,True,2025-05-15,00:02:00,Thursday,5,2025,GANANCIA
113561213,2025-05-15 00:01:00,ENTRADA,26779.5,1787845.79,40224889.0,ENTRADA POR GANANCIA EN LA ORDEN COMO DROPSHIPPER: 40224889* GUIA: *240028378431*,ASOCIADO A ORDEN,True,False,1814625.29,40224889,True,2025-05-15,00:01:00,Thursday,5,2025,GANANCIA
113508546,2025-05-14 04:32:00,ENTRADA,34900.0,1752945.79,41055124.0,ENTRADA POR GANANCIA EN LA ORDEN COMO DROPSHIPPER: 41055124* GUIA: *WCO2000043184*,ASOCIADO A ORDEN,True,False,1787845.79,41055124,True,2025-05-14,04:32:00,Wednesday,5,2025,GANANCIA
113485050,2025-05-14 02:40:00,ENTRADA,49705.6,1703240.19,40976112.0,ENTRADA POR GANANCIA EN LA ORDEN COMO DROPSHIPPER: 40976112* GUIA: *V4001073702*,ASOCIADO A ORDEN,True,False,1752945.79,40976112,True,2025-05-14,02:40:00,Wednesday,5,2025,GANANCIA
113407898,2025-05-14 00:08:00,ENTRADA,27160.0,1676080.19,40625641.0,ENTRADA POR GANANCIA EN LA ORDEN COMO DROPSHIPPER: 40625641* GUIA: *85910403215708*,ASOCIADO A ORDEN,True,False,1703240.19,40625641,True,2025-05-14,00:08:00,Wednesday,5,2025,GANANCIA
113396241,2025-05-14 00:06:00,ENTRADA,43967.2,1632112.99,40505847.0,ENTRADA POR GANANCIA EN LA ORDEN COMO DROPSHIPPER: 40505847* GUIA: *240028586251*,ASOCIADO A ORDEN,True,False,1676080.19,40505847,True,2025-05-14,00:06:00,Wednesday,5,2025,GANANCIA
113393942,2025-05-14 00:05:00,ENTRADA,26779.5,1605333.49,40494787.0,ENTRADA POR GANANCIA EN LA ORDEN COMO DROPSHIPPER: 40494787* GUIA: *240028586468*,ASOCIADO A ORDEN,True,False,1632112.99,40494787,True,2025-05-14,00:05:00,Wednesday,5,2025,GANANCIA
113391201,2025-05-14 00:05:00,ENTRADA,31329.5,1574003.99,40482050.0,ENTRADA POR GANANCIA EN LA ORDEN COMO DROPSHIPPER: 40482050* GUIA: *240028586673*,ASOCIADO A ORDEN,True,False,1605333.49,40482050,True,2025-05-14,00:05:00,Wednesday,5,2025,GANANCIA
113374530,2025-05-14 00:01:00,ENTRADA,32128.5,1541875.49,40221988.0,ENTRADA POR GANANCIA EN LA ORDEN COMO DROPSHIPPER: 40221988* GUIA: *V4001037657*,ASOCIADO A ORDEN,True,False,1574003.99,40221988,True,2025-05-14,00:01:00,Wednesday,5,2025,GANANCIA
113337983,2025-05-13 13:33:00,SALIDA,11948.0,1553823.49,40487151.0,SALIDA POR COBRO DE FLETE INICIAL: 40487151,ASOCIADO A ORDEN,False,True,1541875.49,40487151,True,2025-05-13,13:33:00,Tuesday,5,2025,FLETE
113337548,2025-05-13 13:12:00,SALIDA,35450.0,1589273.49,41167431.0,SALIDA POR NUEVA ORDEN: 41167431,ASOCIADO A ORDEN,False,True,1553823.49,41167431,True,2025-05-13,13:12:00,Tuesday,5,2025,NUEVA ORDEN
113247282,2025-05-13 02:31:00,ENTRADA,27517.9,1561755.59,40771629.0,ENTRADA POR GANANCIA EN LA ORDEN COMO DROPSHIPPER: 40771629* GUIA: *7986741503769179*,ASOCIADO A ORDEN,True,False,1589273.49,40771629,True,2025-05-13,02:31:00,Tuesday,5,2025,GANANCIA
113246904,2025-05-13 02:31:00,ENTRADA,34128.5,1527627.09,40770358.0,ENTRADA POR GANANCIA EN LA ORDEN COMO DROPSHIPPER: 40770358* GUIA: *V4001063957*,ASOCIADO A ORDEN,True,False,1561755.59,40770358,True,2025-05-13,02:31:00,Tuesday,5,2025,GANANCIA
113242390,2025-05-13 02:31:00,ENTRADA,27517.9,1500109.19,40749954.0,ENTRADA POR GANANCIA EN LA ORDEN COMO DROPSHIPPER: 40749954* GUIA: *9334937622546356*,ASOCIADO A ORDEN,True,False,1527627.0899999999,40749954,True,2025-05-13,02:31:00,Tuesday,5,2025,GANANCIA
113192923,2025-05-13 00:03:00,ENTRADA,32128.5,1467980.69,40403733.0,ENTRADA POR GANANCIA EN LA ORDEN COMO DROPSHIPPER: 40403733* GUIA: *V4001046711*,ASOCIADO A ORDEN,True,False,1500109.19,40403733,True,2025-05-13,00:03:00,Tuesday,5,2025,GANANCIA
113109518,2025-05-12 00:06:00,ENTRADA,26779.5,1441201.19,40349765.0,ENTRADA POR GANANCIA EN LA ORDEN COMO DROPSHIPPER: 40349765* GUIA: *240028504939*,ASOCIADO A ORDEN,True,False,1467980.69,40349765,True,2025-05-12,00:06:00,Monday,5,2025,GANANCIA
113107710,2025-05-12 00:05:00,ENTRADA,26779.5,1414421.69,40335584.0,ENTRADA POR GANANCIA EN LA ORDEN COMO DROPSHIPPER: 40335584* GUIA: *240028440973*,ASOCIADO A ORDEN,True,False,1441201.19,40335584,True,2025-05-12,00:05:00,Monday,5,2025,GANANCIA
113102606,2025-05-12 00:04:00,ENTRADA,26779.5,1387642.19,40293608.0,ENTRADA POR GANANCIA EN LA ORDEN COMO DROPSHIPPER: 40293608* GUIA: *240028441234*,ASOCIADO A ORDEN,True,False,1414421.69,40293608,True,2025-05-12,00:04:00,Monday,5,2025,GANANCIA
113097424,2025-05-12 00:03:00,ENTRADA,43967.2,1343674.99,40272963.0,ENTRADA POR GANANCIA EN LA ORDEN COMO DROPSHIPPER: 40272963* GUIA: *240028441443*,ASOCIADO A ORDEN,True,False,1387642.19,40272963,True,2025-05-12,00:03:00,Monday,5,2025,GANANCIA
113067175,2025-05-11 05:33:00,SALIDA,16498.0,1360172.99,40282357.0,SALIDA POR COBRO DE FLETE INICIAL: 40282357,ASOCIADO A ORDEN,False,True,1343674.99,40282357,True,2025-05-11,05:33:00,Sunday,5,2025,FLETE
113062433,2025-05-11 04:30:00,ENTRADA,26779.5,1333393.49,40217884.0,ENTRADA POR GANANCIA EN LA ORDEN COMO DROPSHIPPER: 40217884* GUIA: *240028378677*,ASOCIADO A ORDEN,True,False,1360172.99,40217884,True,2025-05-11,04:30:00,Sunday,5,2025,GANANCIA
113057544,2025-05-11 04:01:00,SALIDA,16498.0,1349891.49,40242241.0,SALIDA POR COBRO DE FLETE INICIAL: 40242241,ASOCIADO A ORDEN,False,True,1333393.49,40242241,True,2025-05-11,04:01:00,Sunday,5,2025,FLETE
113012768,2025-05-11 02:34:00,ENTRADA,32128.5,1317762.99,40739629.0,ENTRADA POR GANANCIA EN LA ORDEN COMO DROPSHIPPER: 40739629* GUIA: *V4001062776*,ASOCIADO A ORDEN,True,False,1349891.49,40739629,True,2025-05-11,02:34:00,Sunday,5,2025,GANANCIA
113012098,2025-05-11 02:34:00,ENTRADA,32128.5,1285634.49,40737119.0,ENTRADA POR GANANCIA EN LA ORDEN COMO DROPSHIPPER: 40737119* GUIA: *V4001063997*,ASOCIADO A ORDEN,True,False,1317762.99,40737119,True,2025-05-11,02:34:00,Sunday,5,2025,GANANCIA
112972115,2025-05-11 00:09:00,ENTRADA,27160.0,1258474.49,40559780.0,ENTRADA POR GANANCIA EN LA ORDEN COMO DROPSHIPPER: 40559780* GUIA: *85910403212335*,ASOCIADO A ORDEN,True,False,1285634.49,40559780,True,2025-05-11,00:09:00,Sunday,5,2025,GANANCIA
112969726,2025-05-11 00:08:00,ENTRADA,26779.5,1231694.99,40540987.0,ENTRADA POR GANANCIA EN LA ORDEN COMO DROPSHIPPER: 40540987* GUIA: *240028585415*,ASOCIADO A ORDEN,True,False,1258474.49,40540987,True,2025-05-11,00:08:00,Sunday,5,2025,GANANCIA
112964739,2025-05-11 00:07:00,ENTRADA,27160.0,1204534.99,40498424.0,ENTRADA POR GANANCIA EN LA ORDEN COMO DROPSHIPPER: 40498424* GUIA: *85910403212376*,ASOCIADO A ORDEN,True,False,1231694.99,40498424,True,2025-05-11,00:07:00,Sunday,5,2025,GANANCIA
112926059,2025-05-11 00:00:00,ENTRADA,26779.5,1177755.49,39453143.0,ENTRADA POR GANANCIA EN LA ORDEN COMO DROPSHIPPER: 39453143* GUIA: *240027869598*,ASOCIADO A ORDEN,True,False,1204534.99,39453143,True,2025-05-11,00:00:00,Sunday,5,2025,GANANCIA
112925016,2025-05-10 23:49:00,SALIDA,11948.0,1189703.49,40042251.0,SALIDA POR COBRO DE FLETE INICIAL: 40042251,ASOCIADO A ORDEN,False,True,1177755.49,40042251,True,2025-05-10,23:49:00,Saturday,5,2025,FLETE
112901155,2025-05-10 10:32:00,SALIDA,16498.0,1206201.49,40273024.0,SALIDA POR COBRO DE FLETE INICIAL: 40273024,ASOCIADO A ORDEN,False,True,1189703.49,40273024,True,2025-05-10,10:32:00,Saturday,5,2025,FLETE
112872567,2025-05-10 04:30:00,ENTRADA,31329.5,1174871.99,39960696.0,ENTRADA POR GANANCIA EN LA ORDEN COMO DROPSHIPPER: 39960696* GUIA: *240028191496*,ASOCIADO A ORDEN,True,False,1206201.49,39960696,True,2025-05-10,04:30:00,Saturday,5,2025,GANANCIA
112860907,2025-05-10 02:41:00,ENTRADA,32128.5,1142743.49,40740148.0,ENTRADA POR GANANCIA EN LA ORDEN COMO DROPSHIPPER: 40740148* GUIA: *V4001063056*,ASOCIADO A ORDEN,True,False,1174871.99,40740148,True,2025-05-10,02:41:00,Saturday,5,2025,GANANCIA
112858629,2025-05-10 02:40:00,ENTRADA,32128.5,1110614.99,40732057.0,ENTRADA POR GANANCIA EN LA ORDEN COMO DROPSHIPPER: 40732057* GUIA: *V4001063057*,ASOCIADO A ORDEN,True,False,1142743.49,40732057,True,2025-05-10,02:40:00,Saturday,5,2025,GANANCIA
112833305,2025-05-10 02:35:00,ENTRADA,27900.0,1082714.99,40647368.0,ENTRADA POR GANANCIA EN LA ORDEN COMO DROPSHIPPER: 40647368* GUIA: *85910403216663*,ASOCIADO A ORDEN,True,False,1110614.99,40647368,True,2025-05-10,02:35:00,Saturday,5,2025,GANANCIA
112812159,2025-05-10 02:31:00,ENTRADA,27700.0,1055014.99,40564833.0,ENTRADA POR GANANCIA EN LA ORDEN COMO DROPSHIPPER: 40564833* GUIA: *85910403212327*,ASOCIADO A ORDEN,True,False,1082714.99,40564833,True,2025-05-10,02:31:00,Saturday,5,2025,GANANCIA
112810486,2025-05-10 02:31:00,ENTRADA,27517.9,1027497.09,40558218.0,ENTRADA POR GANANCIA EN LA ORDEN COMO DROPSHIPPER: 40558218* GUIA: *6136242266217133*,ASOCIADO A ORDEN,True,False,1055014.99,40558218,True,2025-05-10,02:31:00,Saturday,5,2025,GANANCIA
112805813,2025-05-10 02:30:00,ENTRADA,26779.5,1000717.59,40497317.0,ENTRADA POR GANANCIA EN LA ORDEN COMO DROPSHIPPER: 40497317* GUIA: *240028621663*,ASOCIADO A ORDEN,True,False,1027497.09,40497317,True,2025-05-10,02:30:00,Saturday,5,2025,GANANCIA
112740470,2025-05-09 22:55:00,SALIDA,443000.0,1443717.59,,SALIDA POR RECARGA DE TARJETA DE CREDITO car_02zbxxEudRjYd6rrVWahtw,RETIRO GENERAL,False,True,1000717.5900000001,0,False,2025-05-09,22:55:00,Friday,5,2025,OTRO
112670367,2025-05-09 04:30:00,ENTRADA,26779.5,1416938.09,39991785.0,ENTRADA POR GANANCIA EN LA ORDEN COMO DROPSHIPPER: 39991785* GUIA: *240028230986*,ASOCIADO A ORDEN,True,False,1443717.59,39991785,True,2025-05-09,04:30:00,Friday,5,2025,GANANCIA
112667609,2025-05-09 02:42:00,ENTRADA,32128.5,1384809.59,40648826.0,ENTRADA POR GANANCIA EN LA ORDEN COMO DROPSHIPPER: 40648826* GUIA: *V4001058265*,ASOCIADO A ORDEN,True,False,1416938.09,40648826,True,2025-05-09,02:42:00,Friday,5,2025,GANANCIA
112643131,2025-05-09 02:38:00,ENTRADA,27517.9,1357291.69,40575210.0,ENTRADA POR GANANCIA EN LA ORDEN COMO DROPSHIPPER: 40575210* GUIA: *9524281376760635*,ASOCIADO A ORDEN,True,False,1384809.5899999999,40575210,True,2025-05-09,02:38:00,Friday,5,2025,GANANCIA
112584495,2025-05-09 00:08:00,ENTRADA,45745.8,1311545.89,40338481.0,ENTRADA POR GANANCIA EN LA ORDEN COMO DROPSHIPPER: 40338481* GUIA: *85910403203815*,ASOCIADO A ORDEN,True,False,1357291.69,40338481,True,2025-05-09,00:08:00,Friday,5,2025,GANANCIA
112582170,2025-05-09 00:08:00,ENTRADA,26779.5,1284766.39,40322340.0,ENTRADA POR GANANCIA EN LA ORDEN COMO DROPSHIPPER: 40322340* GUIA: *240028441080*,ASOCIADO A ORDEN,True,False,1311545.89,40322340,True,2025-05-09,00:08:00,Friday,5,2025,GANANCIA
112573539,2025-05-09 00:06:00,ENTRADA,27517.9,1257248.49,40246218.0,ENTRADA POR GANANCIA EN LA ORDEN COMO DROPSHIPPER: 40246218* GUIA: *3977555186809184*,ASOCIADO A ORDEN,True,False,1284766.39,40246218,True,2025-05-09,00:06:00,Friday,5,2025,GANANCIA
112528417,2025-05-08 16:00:00,SALIDA,13240.0,1270488.49,39453943.0,SALIDA POR COBRO DE FLETE INICIAL: 39453943,ASOCIADO A ORDEN,False,True,1257248.49,39453943,True,2025-05-08,16:00:00,Thursday,5,2025,FLETE
112516342,2025-05-08 10:53:00,SALIDA,11650.37,1282138.86,39488134.0,SALIDA POR COBRO DE FLETE INICIAL: 39488134,ASOCIADO A ORDEN,False,True,1270488.49,39488134,True,2025-05-08,10:53:00,Thursday,5,2025,FLETE
112516341,2025-05-08 10:53:00,SALIDA,11650.37,1293789.23,39640913.0,SALIDA POR COBRO DE FLETE INICIAL: 39640913,ASOCIADO A ORDEN,False,True,1282138.8599999999,39640913,True,2025-05-08,10:53:00,Thursday,5,2025,FLETE
112463374,2025-05-08 02:39:00,ENTRADA,32128.5,1261660.73,40541207.0,ENTRADA POR GANANCIA EN LA ORDEN COMO DROPSHIPPER: 40541207* GUIA: *V4001052420*,ASOCIADO A ORDEN,True,False,1293789.23,40541207,True,2025-05-08,02:39:00,Thursday,5,2025,GANANCIA
112455462,2025-05-08 02:37:00,ENTRADA,32128.5,1229532.23,40515372.0,ENTRADA POR GANANCIA EN LA ORDEN COMO DROPSHIPPER: 40515372* GUIA: *V4001052457*,ASOCIADO A ORDEN,True,False,1261660.73,40515372,True,2025-05-08,02:37:00,Thursday,5,2025,GANANCIA
112453864,2025-05-08 02:37:00,ENTRADA,32128.5,1197403.73,40509927.0,ENTRADA POR GANANCIA EN LA ORDEN COMO DROPSHIPPER: 40509927* GUIA: *V4001052463*,ASOCIADO A ORDEN,True,False,1229532.23,40509927,True,2025-05-08,02:37:00,Thursday,5,2025,GANANCIA
112452165,2025-05-08 02:36:00,ENTRADA,32128.5,1165275.23,40504528.0,ENTRADA POR GANANCIA EN LA ORDEN COMO DROPSHIPPER: 40504528* GUIA: *V4001052480*,ASOCIADO A ORDEN,True,False,1197403.73,40504528,True,2025-05-08,02:36:00,Thursday,5,2025,GANANCIA
112450244,2025-05-08 02:36:00,ENTRADA,32128.5,1133146.73,40498416.0,ENTRADA POR GANANCIA EN LA ORDEN COMO DROPSHIPPER: 40498416* GUIA: *V4001052491*,ASOCIADO A ORDEN,True,False,1165275.23,40498416,True,2025-05-08,02:36:00,Thursday,5,2025,GANANCIA
112445133,2025-05-08 02:35:00,ENTRADA,32128.5,1101018.23,40482963.0,ENTRADA POR GANANCIA EN LA ORDEN COMO DROPSHIPPER: 40482963* GUIA: *V4001052512*,ASOCIADO A ORDEN,True,False,1133146.73,40482963,True,2025-05-08,02:35:00,Thursday,5,2025,GANANCIA
112426499,2025-05-08 02:31:00,ENTRADA,26779.5,1074238.73,40416484.0,ENTRADA POR GANANCIA EN LA ORDEN COMO DROPSHIPPER: 40416484* GUIA: *240028507831*,ASOCIADO A ORDEN,True,False,1101018.23,40416484,True,2025-05-08,02:31:00,Thursday,5,2025,GANANCIA
112423361,2025-05-08 02:31:00,ENTRADA,32128.5,1042110.23,40403497.0,ENTRADA POR GANANCIA EN LA ORDEN COMO DROPSHIPPER: 40403497* GUIA: *V4001046719*,ASOCIADO A ORDEN,True,False,1074238.73,40403497,True,2025-05-08,02:31:00,Thursday,5,2025,GANANCIA
112423288,2025-05-08 02:31:00,ENTRADA,32128.5,1009981.73,40403282.0,ENTRADA POR GANANCIA EN LA ORDEN COMO DROPSHIPPER: 40403282* GUIA: *V4001046721*,ASOCIADO A ORDEN,True,False,1042110.23,40403282,True,2025-05-08,02:31:00,Thursday,5,2025,GANANCIA
112411979,2025-05-08 00:11:00,ENTRADA,34900.0,975081.73,40368470.0,ENTRADA POR GANANCIA EN LA ORDEN COMO DROPSHIPPER: 40368470* GUIA: *WCO2000038235*,ASOCIADO A ORDEN,True,False,1009981.73,40368470,True,2025-05-08,00:11:00,Thursday,5,2025,GANANCIA
112397128,2025-05-08 00:08:00,ENTRADA,26779.5,948302.23,40290027.0,ENTRADA POR GANANCIA EN LA ORDEN COMO DROPSHIPPER: 40290027* GUIA: *240028441263*,ASOCIADO A ORDEN,True,False,975081.73,40290027,True,2025-05-08,00:08:00,Thursday,5,2025,GANANCIA
112354117,2025-05-07 22:38:00,SALIDA,20000.0,968302.23,,SALIDA POR RECARGA DE TARJETA DE CREDITO car_02zbxxEudRjYd6rrVWahtw,RETIRO GENERAL,False,True,948302.23,0,False,2025-05-07,22:38:00,Wednesday,5,2025,OTRO
112338182,2025-05-07 16:04:00,SALIDA,15849.0,984151.23,40299163.0,SALIDA POR COBRO DE FLETE INICIAL: 40299163,ASOCIADO A ORDEN,False,True,968302.23,40299163,True,2025-05-07,16:04:00,Wednesday,5,2025,FLETE
112337780,2025-05-07 16:01:00,SALIDA,15849.0,1000000.23,40414443.0,SALIDA POR COBRO DE FLETE INICIAL: 40414443,ASOCIADO A ORDEN,False,True,984151.23,40414443,True,2025-05-07,16:01:00,Wednesday,5,2025,FLETE
112318267,2025-05-07 08:39:00,SALIDA,11543.0,1011543.23,,SALIDA POR RECARGA DE TARJETA DE CREDITO car_02zbxxEudRjYd6rrVWahtw,RETIRO GENERAL,False,True,1000000.23,0,False,2025-05-07,08:39:00,Wednesday,5,2025,OTRO
112317906,2025-05-07 08:26:00,SALIDA,300000.0,1311543.23,,SALIDA POR RECARGA DE TARJETA DE CREDITO car_02zbxxEudRjYd6rrVWahtw,RETIRO GENERAL,False,True,1011543.23,0,False,2025-05-07,08:26:00,Wednesday,5,2025,OTRO
112306193,2025-05-07 08:01:00,ENTRADA,34900.0,1276643.23,40552105.0,ENTRADA POR GANANCIA EN LA ORDEN COMO DROPSHIPPER: 40552105* GUIA: *WCO2000039553*,ASOCIADO A ORDEN,True,False,1311543.23,40552105,True,2025-05-07,08:01:00,Wednesday,5,2025,GANANCIA
112299491,2025-05-07 07:59:00,ENTRADA,26779.5,1249863.73,40510614.0,ENTRADA POR GANANCIA EN LA ORDEN COMO DROPSHIPPER: 40510614* GUIA: *240028586084*,ASOCIADO A ORDEN,True,False,1276643.23,40510614,True,2025-05-07,07:59:00,Wednesday,5,2025,GANANCIA
112289431,2025-05-07 07:57:00,ENTRADA,34900.0,1214963.73,40463499.0,ENTRADA POR GANANCIA EN LA ORDEN COMO DROPSHIPPER: 40463499* GUIA: *WCO2000039578*,ASOCIADO A ORDEN,True,False,1249863.73,40463499,True,2025-05-07,07:57:00,Wednesday,5,2025,GANANCIA
112271906,2025-05-07 07:53:00,ENTRADA,26779.5,1188184.23,40406588.0,ENTRADA POR GANANCIA EN LA ORDEN COMO DROPSHIPPER: 40406588* GUIA: *240028504569*,ASOCIADO A ORDEN,True,False,1214963.73,40406588,True,2025-05-07,07:53:00,Wednesday,5,2025,GANANCIA
112270992,2025-05-07 07:53:00,ENTRADA,61019.85,1127164.38,40404189.0,ENTRADA POR GANANCIA EN LA ORDEN COMO DROPSHIPPER: 40404189* GUIA: *V4001046688*,ASOCIADO A ORDEN,True,False,1188184.23,40404189,True,2025-05-07,07:53:00,Wednesday,5,2025,GANANCIA
112270970,2025-05-07 07:53:00,ENTRADA,49705.6,1077458.78,40404115.0,ENTRADA POR GANANCIA EN LA ORDEN COMO DROPSHIPPER: 40404115* GUIA: *V4001046694*,ASOCIADO A ORDEN,True,False,1127164.3800000001,40404115,True,2025-05-07,07:53:00,Wednesday,5,2025,GANANCIA
112270789,2025-05-07 07:53:00,ENTRADA,32128.5,1045330.28,40403598.0,ENTRADA POR GANANCIA EN LA ORDEN COMO DROPSHIPPER: 40403598* GUIA: *V4001046714*,ASOCIADO A ORDEN,True,False,1077458.78,40403598,True,2025-05-07,07:53:00,Wednesday,5,2025,GANANCIA
112262099,2025-05-07 07:36:00,ENTRADA,26779.5,1018550.78,40382295.0,ENTRADA POR GANANCIA EN LA ORDEN COMO DROPSHIPPER: 40382295* GUIA: *240028496114*,ASOCIADO A ORDEN,True,False,1045330.28,40382295,True,2025-05-07,07:36:00,Wednesday,5,2025,GANANCIA
112208773,2025-05-07 07:25:00,ENTRADA,31329.5,987221.28,40225454.0,ENTRADA POR GANANCIA EN LA ORDEN COMO DROPSHIPPER: 40225454* GUIA: *240028378398*,ASOCIADO A ORDEN,True,False,1018550.78,40225454,True,2025-05-07,07:25:00,Wednesday,5,2025,GANANCIA
112206099,2025-05-07 07:24:00,ENTRADA,31329.5,955891.78,40216635.0,ENTRADA POR GANANCIA EN LA ORDEN COMO DROPSHIPPER: 40216635* GUIA: *240028378742*,ASOCIADO A ORDEN,True,False,987221.28,40216635,True,2025-05-07,07:24:00,Wednesday,5,2025,GANANCIA
112179513,2025-05-07 04:38:00,ENTRADA,54956.95,900934.83,40148179.0,ENTRADA POR GANANCIA EN LA ORDEN COMO DROPSHIPPER: 40148179* GUIA: *240028319767*,ASOCIADO A ORDEN,True,False,955891.7799999999,40148179,True,2025-05-07,04:38:00,Wednesday,5,2025,GANANCIA
112146737,2025-05-07 04:31:00,ENTRADA,48517.2,852417.63,40046878.0,ENTRADA POR GANANCIA EN LA ORDEN COMO DROPSHIPPER: 40046878* GUIA: *240028229000*,ASOCIADO A ORDEN,True,False,900934.83,40046878,True,2025-05-07,04:31:00,Wednesday,5,2025,GANANCIA
112142438,2025-05-07 04:30:00,ENTRADA,26779.5,825638.13,40030180.0,ENTRADA POR GANANCIA EN LA ORDEN COMO DROPSHIPPER: 40030180* GUIA: *240028229508*,ASOCIADO A ORDEN,True,False,852417.63,40030180,True,2025-05-07,04:30:00,Wednesday,5,2025,GANANCIA
112131990,2025-05-07 02:39:00,ENTRADA,26779.5,798858.63,39994244.0,ENTRADA POR GANANCIA EN LA ORDEN COMO DROPSHIPPER: 39994244* GUIA: *240028256045*,ASOCIADO A ORDEN,True,False,825638.13,39994244,True,2025-05-07,02:39:00,Wednesday,5,2025,GANANCIA
112109510,2025-05-07 02:35:00,ENTRADA,26779.5,772079.13,39868115.0,ENTRADA POR GANANCIA EN LA ORDEN COMO DROPSHIPPER: 39868115* GUIA: *240028232596*,ASOCIADO A ORDEN,True,False,798858.63,39868115,True,2025-05-07,02:35:00,Wednesday,5,2025,GANANCIA
112095043,2025-05-07 02:32:00,ENTRADA,26779.5,745299.63,39808758.0,ENTRADA POR GANANCIA EN LA ORDEN COMO DROPSHIPPER: 39808758* GUIA: *240028150130*,ASOCIADO A ORDEN,True,False,772079.13,39808758,True,2025-05-07,02:32:00,Wednesday,5,2025,GANANCIA
112011782,2025-05-06 15:33:00,SALIDA,15849.0,761148.63,40146204.0,SALIDA POR COBRO DE FLETE INICIAL: 40146204,ASOCIADO A ORDEN,False,True,745299.63,40146204,True,2025-05-06,15:33:00,Tuesday,5,2025,FLETE
111989428,2025-05-06 10:05:00,SALIDA,16238.4,777387.03,40358418.0,SALIDA POR COBRO DE FLETE INICIAL: 40358418,ASOCIADO A ORDEN,False,True,761148.63,40358418,True,2025-05-06,10:05:00,Tuesday,5,2025,FLETE
111961113,2025-05-06 04:33:00,ENTRADA,32128.5,745258.53,40403998.0,ENTRADA POR GANANCIA EN LA ORDEN COMO DROPSHIPPER: 40403998* GUIA: *V4001046700*,ASOCIADO A ORDEN,True,False,777387.03,40403998,True,2025-05-06,04:33:00,Tuesday,5,2025,GANANCIA
111949735,2025-05-06 04:31:00,ENTRADA,43967.2,701291.33,40303938.0,ENTRADA POR GANANCIA EN LA ORDEN COMO DROPSHIPPER: 40303938* GUIA: *240028441171*,ASOCIADO A ORDEN,True,False,745258.5299999999,40303938,True,2025-05-06,04:31:00,Tuesday,5,2025,GANANCIA
111933267,2025-05-06 02:41:00,ENTRADA,26779.5,674511.83,40340433.0,ENTRADA POR GANANCIA EN LA ORDEN COMO DROPSHIPPER: 40340433* GUIA: *240028464615*,ASOCIADO A ORDEN,True,False,701291.33,40340433,True,2025-05-06,02:41:00,Tuesday,5,2025,GANANCIA
111918237,2025-05-06 02:38:00,ENTRADA,32128.5,642383.33,40294528.0,ENTRADA POR GANANCIA EN LA ORDEN COMO DROPSHIPPER: 40294528* GUIA: *V4001042104*,ASOCIADO A ORDEN,True,False,674511.83,40294528,True,2025-05-06,02:38:00,Tuesday,5,2025,GANANCIA
111914981,2025-05-06 02:37:00,ENTRADA,32128.5,610254.83,40285052.0,ENTRADA POR GANANCIA EN LA ORDEN COMO DROPSHIPPER: 40285052* GUIA: *V4001042120*,ASOCIADO A ORDEN,True,False,642383.33,40285052,True,2025-05-06,02:37:00,Tuesday,5,2025,GANANCIA
111911972,2025-05-06 02:36:00,ENTRADA,48517.2,561737.63,40276505.0,ENTRADA POR GANANCIA EN LA ORDEN COMO DROPSHIPPER: 40276505* GUIA: *240028441436*,ASOCIADO A ORDEN,True,False,610254.83,40276505,True,2025-05-06,02:36:00,Tuesday,5,2025,GANANCIA
111882492,2025-05-06 02:31:00,ENTRADA,28124.02,533613.61,40167935.0,ENTRADA POR GANANCIA EN LA ORDEN COMO DROPSHIPPER: 40167935* GUIA: *85910403197548*,ASOCIADO A ORDEN,True,False,561737.63,40167935,True,2025-05-06,02:31:00,Tuesday,5,2025,GANANCIA
111881765,2025-05-06 02:30:00,ENTRADA,26779.5,506834.11,40164254.0,ENTRADA POR GANANCIA EN LA ORDEN COMO DROPSHIPPER: 40164254* GUIA: *240028329595*,ASOCIADO A ORDEN,True,False,533613.61,40164254,True,2025-05-06,02:30:00,Tuesday,5,2025,GANANCIA
111868563,2025-05-06 00:10:00,ENTRADA,26779.5,480054.61,40116126.0,ENTRADA POR GANANCIA EN LA ORDEN COMO DROPSHIPPER: 40116126* GUIA: *240028294972*,ASOCIADO A ORDEN,True,False,506834.11,40116126,True,2025-05-06,00:10:00,Tuesday,5,2025,GANANCIA
111862513,2025-05-06 00:09:00,ENTRADA,27562.0,452492.61,40077670.0,ENTRADA POR GANANCIA EN LA ORDEN COMO DROPSHIPPER: 40077670* GUIA: *85910403195983*,ASOCIADO A ORDEN,True,False,480054.61,40077670,True,2025-05-06,00:09:00,Tuesday,5,2025,GANANCIA
111783918,2025-05-05 12:03:00,SALIDA,8000.0,460492.61,40191999.0,SALIDA POR COBRO DE FLETE INICIAL: 40191999,ASOCIADO A ORDEN,False,True,452492.61,40191999,True,2025-05-05,12:03:00,Monday,5,2025,FLETE
111710474,2025-05-04 02:39:00,ENTRADA,34900.0,425592.61,40336818.0,ENTRADA POR GANANCIA EN LA ORDEN COMO DROPSHIPPER: 40336818* GUIA: *WCO2000037935*,ASOCIADO A ORDEN,True,False,460492.61,40336818,True,2025-05-04,02:39:00,Sunday,5,2025,GANANCIA
111708869,2025-05-04 02:39:00,ENTRADA,34900.0,390692.61,40325370.0,ENTRADA POR GANANCIA EN LA ORDEN COMO DROPSHIPPER: 40325370* GUIA: *WCO2000037936*,ASOCIADO A ORDEN,True,False,425592.61,40325370,True,2025-05-04,02:39:00,Sunday,5,2025,GANANCIA
111691565,2025-05-04 02:36:00,ENTRADA,26779.5,363913.11,40232283.0,ENTRADA POR GANANCIA EN LA ORDEN COMO DROPSHIPPER: 40232283* GUIA: *240028406397*,ASOCIADO A ORDEN,True,False,390692.61,40232283,True,2025-05-04,02:36:00,Sunday,5,2025,GANANCIA
111686199,2025-05-04 02:34:00,ENTRADA,26779.5,337133.61,40207706.0,ENTRADA POR GANANCIA EN LA ORDEN COMO DROPSHIPPER: 40207706* GUIA: *240028378846*,ASOCIADO A ORDEN,True,False,363913.11,40207706,True,2025-05-04,02:34:00,Sunday,5,2025,GANANCIA
111642054,2025-05-04 00:09:00,ENTRADA,26779.5,310354.11,39998258.0,ENTRADA POR GANANCIA EN LA ORDEN COMO DROPSHIPPER: 39998258* GUIA: *240028291917*,ASOCIADO A ORDEN,True,False,337133.61,39998258,True,2025-05-04,00:09:00,Sunday,5,2025,GANANCIA
111569446,2025-05-03 07:06:00,SALIDA,700000.0,1010354.11,,SALIDA POR RECARGA DE TARJETA DE CREDITO car_02zbxxEudRjYd6rrVWahtw,RETIRO GENERAL,False,True,310354.11,0,False,2025-05-03,07:06:00,Saturday,5,2025,OTRO
111550348,2025-05-03 04:31:00,ENTRADA,32128.5,978225.61,40209100.0,ENTRADA POR GANANCIA EN LA ORDEN COMO DROPSHIPPER: 40209100* GUIA: *V4001037664*,ASOCIADO A ORDEN,True,False,1010354.11,40209100,True,2025-05-03,04:31:00,Saturday,5,2025,GANANCIA
111550327,2025-05-03 04:31:00,ENTRADA,32128.5,946097.11,40209039.0,ENTRADA POR GANANCIA EN LA ORDEN COMO DROPSHIPPER: 40209039* GUIA: *V4001037665*,ASOCIADO A ORDEN,True,False,978225.61,40209039,True,2025-05-03,04:31:00,Saturday,5,2025,GANANCIA
111548249,2025-05-03 04:31:00,ENTRADA,34900.0,911197.11,40203039.0,ENTRADA POR GANANCIA EN LA ORDEN COMO DROPSHIPPER: 40203039* GUIA: *WCO2000037304*,ASOCIADO A ORDEN,True,False,946097.11,40203039,True,2025-05-03,04:31:00,Saturday,5,2025,GANANCIA
111542969,2025-05-03 04:30:00,ENTRADA,26779.5,884417.61,39465190.0,ENTRADA POR GANANCIA EN LA ORDEN COMO DROPSHIPPER: 39465190* GUIA: *240027869228*,ASOCIADO A ORDEN,True,False,911197.11,39465190,True,2025-05-03,04:30:00,Saturday,5,2025,GANANCIA
111530249,2025-05-03 02:40:00,ENTRADA,28124.02,856293.59,40165246.0,ENTRADA POR GANANCIA EN LA ORDEN COMO DROPSHIPPER: 40165246* GUIA: *85910403197445*,ASOCIADO A ORDEN,True,False,884417.61,40165246,True,2025-05-03,02:40:00,Saturday,5,2025,GANANCIA
111523682,2025-05-03 02:39:00,ENTRADA,31329.5,824964.09,40146465.0,ENTRADA POR GANANCIA EN LA ORDEN COMO DROPSHIPPER: 40146465* GUIA: *240028319527*,ASOCIADO A ORDEN,True,False,856293.59,40146465,True,2025-05-03,02:39:00,Saturday,5,2025,GANANCIA
111512861,2025-05-03 02:37:00,ENTRADA,46929.62,778034.47,40116110.0,ENTRADA POR GANANCIA EN LA ORDEN COMO DROPSHIPPER: 40116110* GUIA: *85910403195965*,ASOCIADO A ORDEN,True,False,824964.09,40116110,True,2025-05-03,02:37:00,Saturday,5,2025,GANANCIA
111512371,2025-05-03 02:37:00,ENTRADA,28124.02,749910.45,40114928.0,ENTRADA POR GANANCIA EN LA ORDEN COMO DROPSHIPPER: 40114928* GUIA: *85910403195969*,ASOCIADO A ORDEN,True,False,778034.47,40114928,True,2025-05-03,02:37:00,Saturday,5,2025,GANANCIA
111512266,2025-05-03 02:37:00,ENTRADA,28124.02,721786.43,40114633.0,ENTRADA POR GANANCIA EN LA ORDEN COMO DROPSHIPPER: 40114633* GUIA: *85910403195970*,ASOCIADO A ORDEN,True,False,749910.4500000001,40114633,True,2025-05-03,02:37:00,Saturday,5,2025,GANANCIA
111512175,2025-05-03 02:37:00,ENTRADA,28124.02,693662.41,40114412.0,ENTRADA POR GANANCIA EN LA ORDEN COMO DROPSHIPPER: 40114412* GUIA: *85910403195971*,ASOCIADO A ORDEN,True,False,721786.43,40114412,True,2025-05-03,02:37:00,Saturday,5,2025,GANANCIA
111512122,2025-05-03 02:37:00,ENTRADA,28124.02,665538.39,40114294.0,ENTRADA POR GANANCIA EN LA ORDEN COMO DROPSHIPPER: 40114294* GUIA: *85910403195972*,ASOCIADO A ORDEN,True,False,693662.41,40114294,True,2025-05-03,02:37:00,Saturday,5,2025,GANANCIA
111511994,2025-05-03 02:37:00,ENTRADA,46929.62,618608.77,40114031.0,ENTRADA POR GANANCIA EN LA ORDEN COMO DROPSHIPPER: 40114031* GUIA: *85910403195973*,ASOCIADO A ORDEN,True,False,665538.39,40114031,True,2025-05-03,02:37:00,Saturday,5,2025,GANANCIA
111511925,2025-05-03 02:37:00,ENTRADA,28124.02,590484.75,40113801.0,ENTRADA POR GANANCIA EN LA ORDEN COMO DROPSHIPPER: 40113801* GUIA: *85910403195974*,ASOCIADO A ORDEN,True,False,618608.77,40113801,True,2025-05-03,02:37:00,Saturday,5,2025,GANANCIA
111495487,2025-05-03 02:33:00,ENTRADA,26779.5,563705.25,40060321.0,ENTRADA POR GANANCIA EN LA ORDEN COMO DROPSHIPPER: 40060321* GUIA: *240028295168*,ASOCIADO A ORDEN,True,False,590484.75,40060321,True,2025-05-03,02:33:00,Saturday,5,2025,GANANCIA
111352675,2025-05-02 00:05:00,ENTRADA,30030.0,533675.25,39949028.0,ENTRADA POR GANANCIA EN LA ORDEN COMO DROPSHIPPER: 39949028* GUIA: *1878585233*,ASOCIADO A ORDEN,True,False,563705.25,39949028,True,2025-05-02,00:05:00,Friday,5,2025,GANANCIA
111308757,2025-05-01 05:00:00,SALIDA,12500.0,546175.25,,SALIDA POR MANTENIMIENTO MENSUAL TARJETA VIRTUAL ID: 25803 UUID:car_02zbxxEudRjYd6rrVWahtw - CORRESPONDIENTE A MES: 05-2025,RETIRO GENERAL,False,True,533675.25,0,False,2025-05-01,05:00:00,Thursday,5,2025,OTRO
111248226,2025-05-01 02:37:00,ENTRADA,43967.2,502208.05,39996846.0,ENTRADA POR GANANCIA EN LA ORDEN COMO DROPSHIPPER: 39996846* GUIA: *240028230774*,ASOCIADO A ORDEN,True,False,546175.25,39996846,True,2025-05-01,02:37:00,Thursday,5,2025,GANANCIA
111069666,2025-04-30 02:41:00,ENTRADA,54956.95,447251.1,39951666.0,ENTRADA POR GANANCIA EN LA ORDEN COMO DROPSHIPPER: 39951666* GUIA: *240028183960*,ASOCIADO A ORDEN,True,False,502208.05,39951666,True,2025-04-30,02:41:00,Wednesday,4,2025,GANANCIA
111069311,2025-04-30 02:41:00,ENTRADA,31329.5,415921.6,39950936.0,ENTRADA POR GANANCIA EN LA ORDEN COMO DROPSHIPPER: 39950936* GUIA: *240028232136*,ASOCIADO A ORDEN,True,False,447251.1,39950936,True,2025-04-30,02:41:00,Wednesday,4,2025,GANANCIA
111039435,2025-04-30 02:34:00,ENTRADA,26779.5,389142.1,39866596.0,ENTRADA POR GANANCIA EN LA ORDEN COMO DROPSHIPPER: 39866596* GUIA: *240028147265*,ASOCIADO A ORDEN,True,False,415921.6,39866596,True,2025-04-30,02:34:00,Wednesday,4,2025,GANANCIA
111037778,2025-04-30 02:34:00,ENTRADA,30030.0,359112.1,39860846.0,ENTRADA POR GANANCIA EN LA ORDEN COMO DROPSHIPPER: 39860846* GUIA: *1797266140*,ASOCIADO A ORDEN,True,False,389142.1,39860846,True,2025-04-30,02:34:00,Wednesday,4,2025,GANANCIA
111000152,2025-04-30 00:10:00,ENTRADA,31329.5,327782.6,39663596.0,ENTRADA POR GANANCIA EN LA ORDEN COMO DROPSHIPPER: 39663596* GUIA: *240027980589*,ASOCIADO A ORDEN,True,False,359112.1,39663596,True,2025-04-30,00:10:00,Wednesday,4,2025,GANANCIA
110759388,2025-04-29 00:07:00,ENTRADA,26779.5,301003.1,39429351.0,ENTRADA POR GANANCIA EN LA ORDEN COMO DROPSHIPPER: 39429351* GUIA: *240027800691*,ASOCIADO A ORDEN,True,False,327782.6,39429351,True,2025-04-29,00:07:00,Tuesday,4,2025,GANANCIA
110578473,2025-04-27 00:08:00,ENTRADA,26779.5,274223.6,39578284.0,ENTRADA POR GANANCIA EN LA ORDEN COMO DROPSHIPPER: 39578284* GUIA: *240027901204*,ASOCIADO A ORDEN,True,False,301003.1,39578284,True,2025-04-27,00:08:00,Sunday,4,2025,GANANCIA
110530913,2025-04-26 13:30:00,SALIDA,27450.0,301673.6,39980426.0,SALIDA POR NUEVA ORDEN: 39980426,ASOCIADO A ORDEN,False,True,274223.6,39980426,True,2025-04-26,13:30:00,Saturday,4,2025,NUEVA ORDEN
110429819,2025-04-26 02:31:00,ENTRADA,48517.2,253156.4,39526699.0,ENTRADA POR GANANCIA EN LA ORDEN COMO DROPSHIPPER: 39526699* GUIA: *240027860321*,ASOCIADO A ORDEN,True,False,301673.6,39526699,True,2025-04-26,02:31:00,Saturday,4,2025,GANANCIA
110383842,2025-04-26 00:05:00,ENTRADA,31554.5,221601.9,39281655.0,ENTRADA POR GANANCIA EN LA ORDEN COMO DROPSHIPPER: 39281655* GUIA: *240027727522*,ASOCIADO A ORDEN,True,False,253156.4,39281655,True,2025-04-26,00:05:00,Saturday,4,2025,GANANCIA
109876544,2025-04-23 02:35:00,ENTRADA,26779.5,194822.4,39400397.0,ENTRADA POR GANANCIA EN LA ORDEN COMO DROPSHIPPER: 39400397* GUIA: *240027800892*,ASOCIADO A ORDEN,True,False,221601.9,39400397,True,2025-04-23,02:35:00,Wednesday,4,2025,GANANCIA
109871477,2025-04-23 02:34:00,ENTRADA,31329.5,163492.9,39375257.0,ENTRADA POR GANANCIA EN LA ORDEN COMO DROPSHIPPER: 39375257* GUIA: *240027801285*,ASOCIADO A ORDEN,True,False,194822.4,39375257,True,2025-04-23,02:34:00,Wednesday,4,2025,GANANCIA
109772177,2025-04-22 15:31:00,SALIDA,14000.0,177492.9,,SALIDA POR RECARGA DE TARJETA DE CREDITO car_02zbxxEudRjYd6rrVWahtw,RETIRO GENERAL,False,True,163492.9,0,False,2025-04-22,15:31:00,Tuesday,4,2025,OTRO
109772074,2025-04-22 15:26:00,SALIDA,86000.0,263492.9,,SALIDA POR RECARGA DE TARJETA DE CREDITO car_02zbxxEudRjYd6rrVWahtw,RETIRO GENERAL,False,True,177492.90000000002,0,False,2025-04-22,15:26:00,Tuesday,4,2025,OTRO
109734797,2025-04-22 02:39:00,ENTRADA,34900.0,228592.9,39392761.0,ENTRADA POR GANANCIA EN LA ORDEN COMO DROPSHIPPER: 39392761* GUIA: *WCO2000030879*,ASOCIADO A ORDEN,True,False,263492.9,39392761,True,2025-04-22,02:39:00,Tuesday,4,2025,GANANCIA
109734231,2025-04-22 02:39:00,ENTRADA,34900.0,193692.9,39386091.0,ENTRADA POR GANANCIA EN LA ORDEN COMO DROPSHIPPER: 39386091* GUIA: *WCO2000030880*,ASOCIADO A ORDEN,True,False,228592.9,39386091,True,2025-04-22,02:39:00,Tuesday,4,2025,GANANCIA
109308576,2025-04-17 02:45:00,ENTRADA,39900.0,153792.9,39269145.0,ENTRADA POR GANANCIA EN LA ORDEN COMO DROPSHIPPER: 39269145* GUIA: *WCO2000030101*,ASOCIADO A ORDEN,True,False,193692.9,39269145,True,2025-04-17,02:45:00,Thursday,4,2025,GANANCIA
108386147,2025-04-11 18:22:00,SALIDA,180000.0,333792.9,,SALIDA POR RECARGA DE TARJETA DE CREDITO car_02zbxxEudRjYd6rrVWahtw,RETIRO GENERAL,False,True,153792.90000000002,0,False,2025-04-11,18:22:00,Friday,4,2025,OTRO
108385765,2025-04-11 18:19:00,ENTRADA,180000.0,153792.9,,RECARGA DE WALLET A TRAVES DE PASARELA DE PAGO: 0a821c3f-4298-473c-867d-6327ba7a4567,INGRESO GENERAL,True,False,333792.9,0,False,2025-04-11,18:19:00,Friday,4,2025,OTRO
108385336,2025-04-11 18:13:00,SALIDA,12500.0,166292.9,,SALIDA POR MANTENIMIENTO MENSUAL TARJETA VIRTUAL ID: 25803 UUID:car_02zbxxEudRjYd6rrVWahtw - CORRESPONDIENTE A MES: 04-2025,RETIRO GENERAL,False,True,153792.9,0,False,2025-04-11,18:13:00,Friday,4,2025,OTRO
108279668,2025-04-11 02:32:00,ENTRADA,41792.9,124500.0,38639978.0,ENTRADA POR GANANCIA EN LA ORDEN COMO DROPSHIPPER: 38639978* GUIA: *1204570884299770*,ASOCIADO A ORDEN,True,False,166292.9,38639978,True,2025-04-11,02:32:00,Friday,4,2025,GANANCIA
106994354,2025-04-03 00:19:00,ENTRADA,24500.0,100000.0,38128117.0,ENTRADA POR GANANCIA EN LA ORDEN COMO DROPSHIPPER: 38128117* GUIA: *V4000954236*,ASOCIADO A ORDEN,True,False,124500.0,38128117,True,2025-04-03,00:19:00,Thursday,4,2025,GANANCIA
